,index,Valor real,Valor preditivo,porcentagem de acerto %
0,15,21.79,14.353572,48.191097210642
1,26,15.29,10.080027,48.31389274636098
2,28,14.98,9.865442,48.156832903063275
3,32,14.61,9.638658,48.42287534265077
4,35,13.67,9.022619,48.491888828359066
5,39,12.84,8.475172,48.498650704826986
6,42,12.61,8.321738,48.46915834620199
7,51,11.01,7.258555,48.316915723537846
8,53,10.81,7.141537,48.63202818689513
9,60,10.25,6.7682724,48.558104721850555
10,65,9.72,6.424587,48.70622277260975
11,68,9.44,6.2380223,48.669986984486656
12,69,9.36,6.1913476,48.82128082314216
13,77,8.57,5.6733155,48.9419465187066
14,78,8.49,5.6050863,48.53043280153551
15,91,7.69,5.0808597,48.6476597873272
16,94,7.59,5.0298605,49.10118272167239
17,100,7.38,4.8863845,48.96808633449885
18,102,7.2,4.766879,48.95777978507272
19,111,7.07,4.678823,48.89362113686394
20,120,6.68,4.4260163,49.074212545554445
21,121,6.66,4.4129176,49.07943944168488
22,127,6.45,4.268248,48.88413519357536
23,130,6.41,4.2456584,49.022238729547894
24,131,6.41,4.260107,49.53429716192758
25,135,6.32,4.188123,49.09708576588463
26,138,6.29,4.1692452,49.133365074859256
27,141,6.19,4.105741,49.235498201411474
28,147,5.99,3.974441,49.28698344224546
29,173,5.33,3.544199,49.61341010375199
30,192,5.14,3.417654,49.60443790862442
31,229,4.63,3.0813704,49.742177390576614
32,230,4.62,3.0764074,49.8248329818494
33,243,4.48,2.9851923,49.92591593958343
34,245,4.46,2.9807847,50.37496777597306
35,246,4.45,2.9602356,49.67412707085492
36,256,4.34,2.896229,50.14997236094345
37,260,4.32,2.87817,49.90462759859241
38,266,4.24,2.8187137,49.576774944001045
39,270,4.22,2.8141975,50.04606323494528
40,274,4.21,2.8042984,49.87332308571274
41,289,4.08,2.714342,49.68733403274689
42,292,4.05,2.7080796,50.44752616738694
43,293,4.05,2.704251,50.23579824149121
44,306,3.95,2.6288168,49.7422895600848
45,308,3.94,2.6360474,50.53379332700456
46,315,3.87,2.5895033,50.55048906360312
47,317,3.87,2.5758939,49.76089148527382
48,324,3.83,2.5556011,50.13310684386781
49,335,3.71,2.4782884,50.29990932874895
50,336,3.71,2.46753,49.647218807426896
51,338,3.7,2.4627657,49.762402914811304
52,341,3.67,2.451979,50.32497762375726
53,344,3.65,2.4370003,50.225704200549444
54,352,3.62,2.4162784,50.18282427555644
55,353,3.61,2.4192293,50.778921774087934
56,360,3.58,2.394137,50.468033322518465
57,364,3.54,2.367213,50.457057144103146
58,366,3.53,2.3678937,50.922361666209895
59,375,3.5,2.3423653,50.578385341599926
60,378,3.49,2.3359764,50.597803281248474
61,381,3.47,2.3189836,50.36547616917949
62,384,3.45,2.3062665,50.40757731968887
63,390,3.41,2.288446,50.99058159254662
64,393,3.4,2.2717106,50.333050839897595
65,414,3.27,2.1923728,50.84653478590238
66,432,3.17,2.1303997,51.201631596240816
67,433,3.17,2.122206,50.627128524688345
68,439,3.13,2.1000118,50.95322026755409
69,442,3.12,2.0892901,50.666983144583924
70,449,3.1,2.0840461,51.250893048867965
71,457,3.05,2.0493882,51.17509487529722
72,465,3.03,2.0312445,50.83036652766654
73,470,3.01,2.0159473,50.69054446953794
74,471,3.0,2.0085561,50.63897598609768
75,473,3.0,2.01027,50.76632378537906
76,474,3.0,2.0168252,51.25136272105871
77,477,2.99,2.000951,50.57105732587897
78,478,2.99,2.004966,50.87029060328294
79,479,2.99,2.0048761,50.863604731087634
80,487,2.94,1.9706537,50.810922796695024
81,489,2.94,1.9736186,51.035050015061074
82,490,2.94,1.9680651,50.61470088998783
83,497,2.9,1.9458678,50.96623550323278
84,507,2.86,1.9153427,50.67946237080477
85,508,2.86,1.9178747,50.87659745756838
86,516,2.83,1.8948027,50.644079428203895
87,556,2.7,1.8132176,51.093440712692626
88,558,2.69,1.8103389,51.409033569439885
89,561,2.69,1.8029296,50.79839276067884
90,565,2.67,1.7966315,51.38855317582758
91,568,2.67,1.7934861,51.127924953997564
92,583,2.62,1.7601764,51.15128404658719
93,593,2.58,1.7397672,51.70429645972979
94,605,2.56,1.7227978,51.404496094797366
95,607,2.54,1.7077695,51.26798549387331
96,623,2.48,1.6688303,51.392916562225906
97,630,2.46,1.6635617,52.12451107910181
98,631,2.45,1.6503597,51.54751863611537
99,636,2.43,1.6457217,52.34441288332883
100,641,2.42,1.6331633,51.82131197834272
101,647,2.42,1.6327974,51.78809945055437
102,648,2.41,1.635821,52.6733657084645
103,650,2.41,1.620917,51.31872541458239
104,652,2.41,1.6296618,52.11655557907724
105,653,2.4,1.6176463,51.636297393012626
106,669,2.37,1.6071126,52.53056120571114
107,686,2.31,1.5574988,51.68528019409047
108,700,2.28,1.5403135,51.978183257970755
109,704,2.27,1.5367323,52.283967979322085
110,705,2.27,1.5331942,51.943085667812085
111,708,2.26,1.5273293,52.02929309304196
112,709,2.25,1.5198439,51.95848423942351
113,713,2.25,1.5221169,52.17955330807001
114,716,2.24,1.5179201,52.429653826438624
115,728,2.22,1.4974729,51.7502369302658
116,737,2.2,1.4876958,52.12030708758394
117,744,2.2,1.4834083,51.69289178623356
118,753,2.18,1.469597,51.660011098427105
119,758,2.16,1.468644,52.92555811627696
120,761,2.16,1.4672261,52.78343059404119
121,774,2.13,1.4440994,52.503230646499134
122,784,2.11,1.4224988,51.66947296879982
123,797,2.09,1.4156215,52.36166787395538
124,801,2.08,1.4185343,53.369775338988234
125,808,2.08,1.4046274,51.91802913195417
126,809,2.08,1.4043088,51.88442840849169
127,810,2.07,1.4102143,53.213799294743296
128,814,2.07,1.401663,52.31827621038644
129,826,2.05,1.3902036,52.53958433606678
130,827,2.05,1.3956493,53.11496379901698
131,834,2.04,1.3812242,52.30492878465614
132,836,2.04,1.380628,52.24115293060589
133,842,2.03,1.3748937,52.35221812322496
134,851,2.01,1.3628724,52.51737023645185
135,856,1.99,1.3501028,52.603814601107956
136,874,1.95,1.327998,53.16243411724628
137,875,1.95,1.3244108,52.76471577808135
138,887,1.94,1.3103167,51.94418823674121
139,889,1.94,1.3174508,52.74591990392685
140,900,1.92,1.3048824,52.86030454369012
141,908,1.91,1.296411,52.67018369697192
142,915,1.88,1.2772408,52.807703220526804
143,928,1.87,1.2646713,52.13549465200316
144,941,1.85,1.2566675,52.78524289888594
145,945,1.84,1.2435701,52.03889866985841
146,949,1.83,1.2508019,53.69386075960827
147,952,1.83,1.2463957,53.17664450135214
148,974,1.8,1.2231401,52.83779267620318
149,975,1.8,1.2227138,52.78648538583954
150,976,1.79,1.2230195,53.640924920690026
151,995,1.76,1.201466,53.51228813210372
152,1000,1.76,1.1930624,52.480476828195634
153,1032,1.73,1.1753538,52.810272889864905
154,1038,1.72,1.1698668,52.97471476694375
155,1044,1.71,1.169468,53.77967299167631
156,1050,1.7,1.1683517,54.49586178496463
157,1066,1.69,1.154888,53.66546795524275
158,1078,1.68,1.1369245,52.232932594361415
159,1091,1.67,1.1392572,53.41325814484418
160,1092,1.67,1.1392018,53.40612539328697
161,1096,1.67,1.1385075,53.31673076981471
162,1098,1.66,1.140115,54.40065545947513
163,1125,1.63,1.1183097,54.24431647504301
164,1128,1.63,1.110745,53.25164022853946
165,1133,1.62,1.1115419,54.25650191666088
166,1143,1.62,1.1075906,53.73656438179887
167,1144,1.61,1.106,54.43037271767014
168,1150,1.6,1.0948012,53.8547438342361
169,1155,1.6,1.098817,54.38885516696689
170,1161,1.59,1.091219,54.2913864918294
171,1167,1.58,1.0835786,54.186856443039574
172,1168,1.58,1.0819776,53.97109963260303
173,1176,1.57,1.0745064,53.886398717140395
174,1178,1.57,1.0710025,53.40836978613612
175,1208,1.55,1.0574838,53.42564952021894
176,1213,1.54,1.0548083,54.00190159253006
177,1224,1.53,1.0486209,54.09408274000819
178,1230,1.52,1.0551889,55.94996230045621
179,1238,1.52,1.0418649,54.107759952291815
180,1249,1.51,1.039607,54.75281233860528
181,1254,1.5,1.026838,53.92047427476635
182,1256,1.5,1.0284379,54.147725520860746
183,1258,1.5,1.0251335,53.67759283944321
184,1287,1.48,1.0146612,54.13850353547133
185,1296,1.47,1.007889,54.15061055359652
186,1308,1.46,1.0007672,54.111929848134224
187,1315,1.45,0.9943812,54.18066878827412
188,1334,1.43,0.9872943,55.15970502383175
189,1351,1.42,0.98109126,55.26320979733876
190,1352,1.42,0.98082864,55.22445634530891
191,1400,1.38,0.96015084,56.27258285575374
192,1418,1.36,0.9357375,54.660092859003754
193,1439,1.35,0.922976,53.73401094532451
194,1447,1.34,0.9231446,54.843972376702254
195,1448,1.34,0.92906463,55.76891481799265
196,1454,1.34,0.92157066,54.59606516619786
197,1464,1.34,0.92277765,54.78625365271378
198,1499,1.31,0.8961518,53.81940563482428
199,1504,1.31,0.90074146,54.56426053740046
200,1510,1.3,0.9000063,55.556565736840724
201,1511,1.3,0.9040053,56.19553162944166
202,1519,1.29,0.8958422,56.00142437612686
203,1523,1.29,0.89098585,55.216555342688
204,1531,1.29,0.890435,55.12698530425689
205,1543,1.28,0.8822012,54.908380582776175
206,1557,1.27,0.87749135,55.26922939503169
207,1561,1.27,0.87109077,54.20577922796832
208,1568,1.27,0.8787346,55.47399448677041
209,1571,1.26,0.8700144,55.17481574249027
210,1579,1.26,0.88121176,57.0150716842484
211,1581,1.25,0.8631495,55.18152236347618
212,1594,1.25,0.8625989,55.08907955274762
213,1599,1.25,0.8692559,56.19884783649465
214,1613,1.23,0.85814345,56.66732040225992
215,1615,1.23,0.8523482,55.6927805046563
216,1620,1.23,0.8513621,55.52563512856736
217,1623,1.23,0.8555902,56.239591674258975
218,1630,1.23,0.8543973,56.03887038795045
219,1633,1.23,0.8461994,54.64418790902502
220,1635,1.22,0.8540062,57.1438894583317
221,1636,1.22,0.83856165,54.51278459391858
222,1645,1.22,0.84098315,54.93169553592665
223,1655,1.21,0.8397989,55.917891693438406
224,1656,1.21,0.84790504,57.29534048959735
225,1686,1.2,0.82803035,55.07777545190615
226,1687,1.2,0.8266057,54.82799930949656
227,1691,1.19,0.8229524,55.39868224830428
228,1692,1.19,0.82423234,55.623233589262156
229,1702,1.19,0.8202511,54.922475625893355
230,1710,1.18,0.8248919,56.95095752052657
231,1715,1.18,0.816962,55.562438076138164
232,1725,1.17,0.8145399,56.36062928883618
233,1733,1.17,0.81237745,55.97827759806867
234,1736,1.17,0.81219935,55.946696584963775
235,1742,1.16,0.8061695,56.109666047579054
236,1754,1.16,0.7965652,54.37475346348356
237,1807,1.13,0.7887521,56.735718349129144
238,1814,1.13,0.7862992,56.28880726311698
239,1821,1.12,0.7834439,57.041460108666996
240,1827,1.12,0.779266,56.275007469071625
241,1830,1.12,0.77446353,55.3837656239634
242,1832,1.12,0.78024244,56.45487374769829
243,1848,1.11,0.76831436,55.52788604282824
244,1852,1.1,0.7649652,56.20260455325413
245,1854,1.1,0.76625884,56.44537477179367
246,1865,1.1,0.7654021,56.28468608669078
247,1870,1.1,0.76419044,56.05682182995568
248,1873,1.09,0.761878,56.932477309056225
249,1879,1.09,0.7697278,58.391503721961385
250,1883,1.09,0.75517654,55.66288990478114
251,1884,1.09,0.7579242,56.18614614916271
252,1887,1.09,0.76143765,56.84973765546616
253,1890,1.09,0.7599946,56.57793323197333
254,1895,1.08,0.75861573,57.6354333071956
255,1916,1.07,0.74615324,56.59782077129185
256,1926,1.07,0.7447624,56.330022793044265
257,1932,1.07,0.7473346,56.8245066235217
258,1937,1.06,0.739838,56.725392030660885
259,1939,1.06,0.7434243,57.41655133376466
260,1963,1.05,0.73147225,56.45388535982687
261,1966,1.05,0.74245965,58.57817415392529
262,1998,1.04,0.72604656,56.758498124954826
263,2000,1.03,0.7202184,56.987828781305694
264,2022,1.02,0.7222662,58.77782956647576
265,2030,1.02,0.71651983,57.645252290784754
266,2042,1.01,0.706532,57.04823024826129
267,2080,0.99,0.7007765,58.728142934142056
268,2082,0.99,0.69501626,57.55729038651893
269,2086,0.99,0.69811666,58.18989052166182
270,2088,0.99,0.692011,56.93869001753487
271,2095,0.98,0.6933357,58.65433106925292
272,2099,0.98,0.68943477,57.85457200075112
273,2107,0.98,0.6886965,57.70219613117416
274,2122,0.97,0.67995024,57.342501432369374
275,2134,0.97,0.6790459,57.15251683124862
276,2136,0.96,0.670863,56.900732487248376
277,2144,0.96,0.67140293,57.01581637943403
278,2150,0.96,0.6720811,57.16009844221841
279,2159,0.95,0.6673752,57.65128969272905
280,2160,0.95,0.66553855,57.2584562046319
281,2162,0.95,0.6729841,58.83768023523578
282,2164,0.95,0.67594385,59.455782024990896
283,2168,0.95,0.67107785,58.43669202219985
284,2177,0.95,0.6675596,57.690614254264744
285,2190,0.94,0.6591266,57.38702870393658
286,2203,0.94,0.6577301,57.08423616749798
287,2209,0.93,0.6631566,59.76163701309426
288,2213,0.93,0.65379393,57.75334461012383
289,2224,0.93,0.6599884,59.088433172265496
290,2225,0.93,0.650797,57.0982984755685
291,2228,0.93,0.6569189,58.43000960869301
292,2230,0.93,0.6553879,58.09929804546988
293,2233,0.93,0.6634624,59.8262690714229
294,2236,0.93,0.65516895,58.05188124248821
295,2239,0.92,0.64957786,58.36955625692093
296,2240,0.92,0.6566118,59.88677027606275
297,2241,0.92,0.6488458,58.20976083946226
298,2243,0.92,0.64985955,58.43094813697064
299,2247,0.92,0.653255,59.16678479534298
300,2248,0.92,0.6535082,59.221350362566824
301,2259,0.92,0.6490861,58.2622590671063
302,2265,0.91,0.64390576,58.674971068077184
303,2270,0.91,0.64781606,59.528027565774636
304,2283,0.91,0.64265144,58.39913440133287
305,2291,0.9,0.6425233,59.92725621146016
306,2294,0.9,0.64374006,60.19201556716814
307,2310,0.9,0.6421913,59.85484188033951
308,2313,0.9,0.631381,57.45531853430839
309,2327,0.89,0.6254947,57.712627524523384
310,2334,0.89,0.6285443,58.40297317562653
311,2338,0.89,0.62792313,58.262905748015015
312,2346,0.89,0.61979544,56.404235942269054
313,2348,0.89,0.6311128,58.97925373591042
314,2363,0.88,0.61529946,56.98021003947298
315,2366,0.88,0.6224446,58.62196281335201
316,2368,0.88,0.618207,57.65285227470818
317,2374,0.88,0.61180353,56.162974798233876
318,2376,0.87,0.6109285,57.59380444987593
319,2378,0.87,0.6246517,60.72237678240933
320,2380,0.87,0.6223576,60.20898750630661
321,2383,0.87,0.6150013,58.53688918696531
322,2416,0.86,0.61192906,59.46083335784681
323,2418,0.86,0.60745776,58.42636955487197
324,2419,0.86,0.6084228,58.650928652369345
325,2431,0.85,0.6055442,59.63039746849847
326,2433,0.85,0.5996709,58.25558344816838
327,2436,0.85,0.6097435,60.597114429825496
328,2444,0.85,0.59925365,58.15689338805754
329,2447,0.85,0.6030158,59.04183148122266
330,2448,0.85,0.60169786,58.733086242789
331,2451,0.84,0.6005284,60.12318927822241
332,2452,0.84,0.5976447,59.44826103286647
333,2454,0.84,0.5966712,59.21895229420522
334,2456,0.84,0.59797406,59.52567955232777
335,2457,0.84,0.59629333,59.129734064150625
336,2466,0.84,0.5946547,58.74154711250773
337,2469,0.84,0.60045445,60.105957998219964
338,2488,0.83,0.58902603,59.08942011696362
339,2497,0.83,0.57918334,56.6947730409658
340,2508,0.82,0.5835631,59.48391614619953
341,2519,0.82,0.583042,59.358337127786655
342,2520,0.82,0.5778717,58.09998516773152
343,2535,0.81,0.5708071,58.0956682330617
344,2541,0.81,0.5745015,59.00820456550662
345,2555,0.8,0.57122236,59.94946116359529
346,2557,0.8,0.5699682,59.641298073303176
347,2559,0.8,0.5682303,59.21200605623096
348,2560,0.8,0.57155,60.0297465287895
349,2562,0.8,0.566005,58.65849030137781
350,2566,0.8,0.567585,59.05194604439842
351,2581,0.79,0.5689075,61.13735520212089
352,2600,0.79,0.55558574,57.80772610168967
353,2609,0.79,0.562384,59.52658915440182
354,2613,0.78,0.5623454,61.29520752889101
355,2621,0.78,0.55696666,59.955711419199844
356,2630,0.78,0.554553,59.3461690879748
357,2642,0.77,0.55676067,61.700000877860305
358,2646,0.77,0.547864,59.454176205686196
359,2648,0.77,0.5479908,59.486691843163186
360,2695,0.76,0.54370785,60.219049005558475
361,2713,0.75,0.5371465,60.373289621866746
362,2734,0.75,0.53623116,60.13494632225587
363,2736,0.75,0.53571665,60.00061861400644
364,2738,0.75,0.537231,60.395256267972854
365,2744,0.75,0.53499395,59.8114978994974
366,2748,0.74,0.53763413,62.359929773867066
367,2749,0.74,0.52801704,59.85300885371325
368,2750,0.74,0.5327455,61.09689766799812
369,2754,0.74,0.5302679,60.44789661997709
370,2767,0.74,0.52774227,59.78003909173276
371,2770,0.74,0.53094304,60.625349667581474
372,2776,0.74,0.5254028,59.15567597934202
373,2779,0.74,0.5283313,59.936364104040564
374,2794,0.73,0.52068007,59.79874357253718
375,2804,0.73,0.51960135,59.507677003311954
376,2811,0.73,0.5236827,60.60261659028325
377,2815,0.73,0.52238846,60.25724947240053
378,2820,0.72,0.51653075,60.60849291964365
379,2837,0.72,0.52049947,61.67132831577371
380,2842,0.72,0.50806594,58.28611115152023
381,2847,0.72,0.52262056,62.23274458669465
382,2855,0.72,0.5149435,60.1788298567086
383,2863,0.71,0.5098662,60.74777449736297
384,2866,0.71,0.51233864,61.41978236347461
385,2868,0.71,0.5074396,60.081873521159054
386,2896,0.7,0.5117836,63.22344049313884
387,2927,0.7,0.49348432,58.15152090885056
388,2931,0.7,0.4960003,58.871050233227066
389,2959,0.69,0.49101433,59.474570165638426
390,2961,0.69,0.4982935,61.52738999596593
391,2966,0.68,0.49523413,62.69120880046697
392,2979,0.68,0.49672052,63.102092826168786
393,2980,0.68,0.50178814,64.48464069119265
394,2981,0.68,0.48810142,60.68469210401338
395,2987,0.68,0.48796856,60.64676085295832
396,2992,0.68,0.48936522,61.044477189676314
397,2996,0.67,0.48296586,61.27383735729123
398,3006,0.67,0.48076412,60.63851876858871
399,3014,0.67,0.49440548,64.483702246512
400,3022,0.67,0.48536202,61.95870956285464
401,3030,0.66,0.48304573,63.366972713096516
402,3043,0.66,0.47900715,62.215001692609746
403,3072,0.66,0.4701496,59.619152941412125
404,3075,0.66,0.47355315,60.62810504872712
405,3085,0.65,0.47279507,62.51971682455718
406,3098,0.65,0.47351736,62.72942509871541
407,3109,0.65,0.46962377,61.591334258453145
408,3120,0.65,0.47512174,63.192956661590074
409,3144,0.64,0.4633587,61.87806560671399
410,3154,0.64,0.46398616,62.064850760418665
411,3162,0.64,0.4668818,62.920339993338416
412,3167,0.64,0.46408126,62.09311633592202
413,3175,0.63,0.45598906,61.83879145024062
414,3178,0.63,0.45794997,62.43038617552193
415,3198,0.63,0.46339467,64.04677513490464
416,3214,0.63,0.46002778,63.05174996765672
417,3250,0.62,0.45388952,63.402882402205364
418,3257,0.62,0.4548292,63.68508908179945
419,3270,0.61,0.45170307,64.95553420810944
420,3290,0.61,0.43760598,60.60519463184147
421,3294,0.61,0.4439662,62.602156107047904
422,3313,0.61,0.44607803,63.25262490149751
423,3326,0.6,0.44172552,64.16904395666154
424,3333,0.6,0.44920236,66.42990884862928
425,3343,0.6,0.43630537,62.481638805629444
426,3361,0.6,0.44483042,65.11713762907652
427,3370,0.6,0.4431828,64.61568339505743
428,3383,0.59,0.44158015,66.38892065051621
429,3392,0.59,0.43084657,63.06030070806759
430,3396,0.59,0.42775035,62.06907806913159
431,3422,0.59,0.43149215,63.26518333354744
432,3424,0.59,0.43651918,64.83984375666725
433,3426,0.58,0.42120948,62.301296251550866
434,3428,0.58,0.42388803,63.17141269810247
435,3443,0.58,0.42162764,62.43786128352505
436,3448,0.58,0.42676783,64.09472210521378
437,3449,0.58,0.42651314,64.0135668011934
438,3454,0.58,0.41414332,59.951865325153165
439,3458,0.58,0.42459464,63.39912369116601
440,3469,0.58,0.41700852,60.91411246209037
441,3476,0.58,0.42615476,63.89920962312985
442,3490,0.57,0.4210615,64.62784677671249
443,3497,0.57,0.41915894,64.01339643247178
444,3503,0.57,0.4224367,65.06854615685046
445,3515,0.57,0.41721034,63.37826638787092
446,3518,0.57,0.41639835,63.111848331056166
447,3519,0.57,0.4197753,64.21307059930899
448,3530,0.57,0.41622183,63.05379423742673
449,3535,0.57,0.41905153,63.978541552699255
450,3541,0.57,0.41138378,61.4432482074254
451,3543,0.57,0.4170842,63.33694314042927
452,3544,0.57,0.4141947,62.38356122592003
453,3546,0.57,0.41157985,61.509254233498325
454,3557,0.56,0.41425657,64.81807728035048
455,3565,0.56,0.4109112,63.7175144684916
456,3570,0.56,0.4145558,64.91564798855282
457,3577,0.56,0.403132,61.08768055273708
458,3583,0.56,0.4156108,65.25855123743833
459,3587,0.56,0.40555245,61.916749766792975
460,3606,0.56,0.41323593,64.48419514438913
461,3610,0.56,0.4083491,62.862436963223104
462,3613,0.56,0.40349323,61.212044092519164
463,3627,0.55,0.40598273,64.52625799044523
464,3662,0.55,0.40264493,63.403223058294856
465,3675,0.55,0.400338,62.61608737929268
466,3680,0.54,0.41025704,68.37520251066002
467,3693,0.54,0.40329447,66.10280205525777
468,3696,0.54,0.39576724,63.55616557396243
469,3701,0.54,0.40091532,65.30821678610184
470,3717,0.54,0.40562728,66.87285939708872
471,3718,0.54,0.39336228,62.72196843287486
472,3724,0.54,0.39310336,62.631548494506575
473,3725,0.54,0.4023993,65.80493605524401
474,3741,0.54,0.39674926,63.89388535575361
475,3747,0.53,0.3974619,66.65388260643186
476,3749,0.53,0.39892638,67.14340535919249
477,3752,0.53,0.39363703,65.35819604494668
478,3769,0.53,0.39344072,65.2910162948958
479,3771,0.53,0.39421958,65.55715887749858
480,3775,0.53,0.38985437,64.05180018991933
481,3780,0.53,0.39184415,64.74214419291354
482,3793,0.53,0.39110872,64.48780840924906
483,3805,0.53,0.39054218,64.29122690731623
484,3807,0.53,0.3921186,64.83681315879218
485,3822,0.52,0.38242757,64.02654085756546
486,3825,0.52,0.38572955,65.19052060521662
487,3846,0.52,0.38298446,64.22425577935613
488,3856,0.52,0.38013464,63.206363646769375
489,3864,0.52,0.38442555,64.73323662951935
490,3887,0.51,0.38578254,67.80117104170859
491,3888,0.51,0.38245437,66.65075731477165
492,3892,0.51,0.37940827,65.58015727019819
493,3901,0.51,0.37989008,65.75064179827152
494,3909,0.51,0.3704567,62.33208736214513
495,3912,0.51,0.3836408,67.06314724891124
496,3913,0.51,0.3799799,65.7823772687237
497,3914,0.51,0.37760693,64.93891883009718
498,3915,0.51,0.37653032,64.55274020379983
499,3921,0.51,0.38136303,66.26915715489176
500,3928,0.51,0.368909,61.75452533466813
501,3931,0.51,0.37264967,63.142237457821665
502,3943,0.5,0.37627143,67.11720195850106
503,3958,0.5,0.37069,65.11640022601173
504,3959,0.5,0.37133363,65.3501969399567
505,3963,0.5,0.373602,66.16774102558847
506,3967,0.5,0.36692333,63.73175099480957
507,3969,0.5,0.37525824,66.7584211254873
508,3980,0.5,0.37205434,65.61102819656918
509,3982,0.5,0.37202847,65.60168367031415
510,4005,0.5,0.3666649,63.63570157825197
511,4010,0.49,0.37654236,69.86855860444263
512,4013,0.49,0.37682405,69.96583723481837
513,4027,0.49,0.37502968,69.34367543055782
514,4032,0.49,0.36645254,66.285551353774
515,4039,0.49,0.36480072,65.68009018452489
516,4056,0.49,0.3694732,67.37873966633333
517,4092,0.48,0.35928142,66.39999389489464
518,4097,0.48,0.3585294,66.11976176721183
519,4109,0.48,0.35966396,66.54209235419677
520,4118,0.48,0.36130452,67.1480783227895
521,4119,0.48,0.35945016,66.46271125480118
522,4121,0.48,0.3518186,63.5660502904133
523,4139,0.47,0.3660007,71.58494923762387
524,4147,0.47,0.348858,65.27469584986227
525,4152,0.47,0.35883796,69.02166170401418
526,4163,0.47,0.35464433,67.47285592327793
527,4175,0.47,0.3529781,66.84726721929621
528,4209,0.46,0.355739,70.69171406981206
529,4211,0.46,0.34608617,67.08512670368066
530,4218,0.46,0.34821948,67.89940798371697
531,4221,0.46,0.35402453,70.06550062917267
532,4222,0.46,0.34949976,68.38331525864595
533,4225,0.46,0.34411967,66.32557137339197
534,4228,0.46,0.344543,66.48981791713393
535,4237,0.46,0.34691447,67.40247538812275
536,4246,0.46,0.3450222,66.67524641911427
537,4253,0.46,0.35022232,68.65485876667265
538,4262,0.46,0.34016493,64.77147996927644
539,4267,0.46,0.34570274,66.93770398416049
540,4289,0.45,0.34116882,68.10049087478157
541,4302,0.45,0.33877718,67.16933116902996
542,4322,0.45,0.33195257,64.43846557160401
543,4375,0.44,0.3342298,68.35404748918202
544,4383,0.44,0.3447848,72.38416403479005
545,4387,0.44,0.3358528,68.99022499079362
546,4390,0.44,0.34133348,71.09380489434832
547,4395,0.44,0.3436228,71.95261918663445
548,4397,0.44,0.3381155,69.86695887644493
549,4417,0.44,0.33267164,67.73744916958475
550,4428,0.44,0.32842693,66.02803747561632
551,4449,0.44,0.32855502,66.08026775329114
552,4450,0.44,0.33084673,67.00790298570249
553,4466,0.43,0.33317626,70.93918211303864
554,4480,0.43,0.32069862,65.91772627838296
555,4490,0.43,0.33586156,71.97105995539877
556,4491,0.43,0.33516484,71.70492179359798
557,4497,0.43,0.32373285,67.17443222072802
558,4498,0.43,0.33326146,70.97217904673226
559,4521,0.43,0.32615766,68.16191870731407
560,4525,0.43,0.32425374,67.38780476372108
561,4534,0.43,0.3236073,67.12289690461603
562,4551,0.42,0.32267937,69.83983538682645
563,4577,0.42,0.32249516,69.76548833755254
564,4585,0.42,0.32637537,71.31381693929691
565,4587,0.42,0.3209467,69.13714688132359
566,4590,0.42,0.3209282,69.12960030043007
567,4616,0.42,0.32400626,70.37287467096206
568,4627,0.42,0.320071,68.77911946413161
569,4680,0.41,0.31579408,70.16856067844873
570,4687,0.41,0.31100458,68.1691436088567
571,4688,0.41,0.32024896,71.97460433740827
572,4693,0.41,0.31498656,69.83571482974816
573,4703,0.41,0.31769273,70.94448020117076
574,4705,0.41,0.31323302,69.10703005683158
575,4739,0.41,0.3150109,69.84577576638515
576,4751,0.41,0.31186432,68.53257062257572
577,4757,0.4,0.3116499,71.6508446066288
578,4763,0.4,0.31036773,71.12062332506545
579,4767,0.4,0.3128186,72.13036026466091
580,4783,0.4,0.31416747,72.67937054999894
581,4788,0.4,0.30479696,68.76509698709012
582,4798,0.4,0.31630635,73.54032042270772
583,4808,0.4,0.30219382,67.63461960630542
584,4824,0.4,0.30882743,70.47782640704793
585,4838,0.4,0.3050627,68.87941880028598
586,4863,0.39,0.30775473,73.27570690459093
587,4874,0.39,0.3006112,70.26431395051651
588,4880,0.39,0.29841048,69.3075369864398
589,4881,0.39,0.31590065,76.54346530951757
590,4883,0.39,0.30342686,71.46820234240838
591,4884,0.39,0.30857164,73.61119634968156
592,4904,0.39,0.29007545,65.55222150886487
593,4911,0.39,0.30111024,70.47932916471316
594,4918,0.39,0.3061893,72.62781496763482
595,4923,0.39,0.3003701,70.1601778316116
596,4933,0.39,0.2986714,69.42170992308826
597,4953,0.39,0.29476118,67.68949736232909
598,4954,0.39,0.30288595,71.23866244042455
599,4963,0.38,0.29984438,73.26759478180733
600,4972,0.38,0.2952851,71.31081363131909
601,4978,0.38,0.30321532,74.67651902092132
602,4984,0.38,0.2987303,72.79496506588468
603,4997,0.38,0.30014235,73.39340723849
604,5002,0.38,0.2956254,71.45894276167186
605,5006,0.38,0.2836667,66.0399687968671
606,5031,0.38,0.29624146,71.72626102415904
607,5056,0.38,0.28856277,68.31288254345958
608,5079,0.37,0.28703418,71.09549281615955
609,5092,0.37,0.2905045,72.63535723712835
610,5104,0.37,0.2908379,72.78137323044879
611,5116,0.37,0.28455976,69.9745865233188
612,5120,0.37,0.28124118,68.4403180370478
613,5135,0.37,0.2864331,70.82498527743962
614,5142,0.37,0.28097376,68.31510636232932
615,5147,0.37,0.28100333,68.32896071623148
616,5159,0.36,0.29201838,76.72009022595373
617,5167,0.36,0.279425,71.1639952742907
618,5171,0.36,0.28088886,71.83542778374178
619,5175,0.36,0.28463635,73.52282942254853
620,5195,0.36,0.27803168,70.51835104743765
621,5210,0.36,0.27861974,70.79163715793268
622,5216,0.36,0.27392465,68.57699676632012
623,5244,0.36,0.28341705,72.97870576529843
624,5258,0.35,0.2755537,72.98301717663591
625,5267,0.35,0.2705546,70.63609444317035
626,5286,0.35,0.2714819,71.07796203512825
627,5287,0.35,0.28434238,76.90895673144395
628,5313,0.35,0.27200633,71.32652526816537
629,5316,0.35,0.27603075,73.20253226740718
630,5325,0.35,0.26425725,67.5533038111416
631,5330,0.35,0.2715454,71.10811418296248
632,5331,0.35,0.2671332,68.97922385924343
633,5335,0.35,0.27686575,73.58494168990923
634,5338,0.35,0.26734915,69.08505410194849
635,5342,0.34,0.26896602,73.58997948144498
636,5356,0.34,0.2702427,74.18716166143204
637,5359,0.34,0.2685623,73.3999461796125
638,5371,0.34,0.26586872,72.1173383384108
639,5373,0.34,0.2706963,74.39799336369093
640,5378,0.34,0.2710692,74.5707732761861
641,5379,0.34,0.30002236,86.6751145317212
642,5388,0.34,0.26480484,71.60355532506446
643,5393,0.34,0.27063224,74.3682557840287
644,5427,0.34,0.2636192,71.02609310647685
645,5433,0.33,0.2615589,73.83338430301055
646,5445,0.33,0.26174486,73.92302412697688
647,5449,0.33,0.25825658,72.22010205116682
648,5455,0.33,0.26133442,73.72501450576398
649,5456,0.33,0.26736087,76.57131544679596
650,5460,0.33,0.2555235,70.85336716606332
651,5466,0.33,0.26577705,75.8357810800137
652,5471,0.33,0.26921967,77.42351663190168
653,5487,0.33,0.25997034,73.06244104055446
654,5493,0.33,0.25958958,72.87625466670171
655,5502,0.33,0.26560664,75.75611897292274
656,5504,0.33,0.25676128,71.47594974115773
657,5523,0.33,0.26073143,73.43297989014361
658,5532,0.33,0.25264382,69.3813308923103
659,5539,0.33,0.26771656,76.7353039498604
660,5556,0.32,0.25314254,73.5890042610984
661,5560,0.32,0.25411534,74.07293235269559
662,5563,0.32,0.25573426,74.87011168138791
663,5564,0.32,0.25425676,74.14297022038832
664,5573,0.32,0.26361033,78.60870394938777
665,5592,0.32,0.25201282,73.0223322749711
666,5603,0.32,0.2618637,77.79902689158872
667,5604,0.32,0.25415745,74.09379687806523
668,5609,0.32,0.2619418,77.83545371262448
669,5611,0.32,0.25528592,74.65035219579232
670,5615,0.32,0.25692052,75.44786054044499
671,5630,0.32,0.25619194,75.09365005598289
672,5634,0.32,0.25484985,74.4358693641302
673,5650,0.32,0.2498671,71.9319172364373
674,5681,0.32,0.2509794,72.4994927845741
675,5702,0.31,0.25569227,78.76051321219883
676,5705,0.31,0.25001678,76.00832168041396
677,5717,0.31,0.24820426,75.10286943889146
678,5719,0.31,0.24933739,75.67047207843731
679,5720,0.31,0.24771848,74.85794520318866
680,5726,0.31,0.2564647,79.12566052026797
681,5732,0.31,0.24500734,73.47317640184103
682,5739,0.31,0.2483119,75.15701374165637
683,5749,0.31,0.25080276,76.39689222705033
684,5765,0.31,0.24091062,71.3215711923088
685,5770,0.31,0.24850221,75.25261836858502
686,5772,0.31,0.25010917,76.05412265642994
687,5773,0.31,0.24884306,75.42348928041582
688,5794,0.31,0.25164798,76.812044664169
689,5811,0.31,0.25244045,77.19876238652377
690,5815,0.31,0.24628954,74.13188372292683
691,5820,0.31,0.25522143,78.53684376463279
692,5821,0.31,0.24399015,72.94569223634049
693,5825,0.3,0.2515296,80.72974512949334
694,5847,0.3,0.24813119,79.0962131305669
695,5873,0.3,0.24305989,76.5736288807271
696,5879,0.3,0.24230789,76.19057540532393
697,5888,0.3,0.25032985,80.15812038464341
698,5895,0.3,0.24634595,78.22004080934688
699,5920,0.3,0.23857969,74.2558516082757
700,5926,0.3,0.23432067,71.97032189646623
701,5933,0.29,0.2426041,80.46368876976354
702,5943,0.29,0.23302601,75.5503745944763
703,5946,0.29,0.2475702,82.86150839449856
704,5953,0.29,0.23986407,79.09818901093712
705,5968,0.29,0.24334534,80.8277956715568
706,5970,0.29,0.2374312,77.8593537812659
707,5978,0.29,0.24783814,82.9881468020704
708,5979,0.29,0.23017615,74.00953617757915
709,5987,0.29,0.23707934,77.67807883344726
710,6015,0.29,0.24366902,80.98610065304983
711,6019,0.29,0.24544963,81.84948693667972
712,6027,0.29,0.23716374,77.72160990573576
713,6028,0.29,0.23412475,76.13441119522176
714,6038,0.29,0.2403641,79.34970548453305
715,6040,0.29,0.2350755,76.63538072916171
716,6043,0.29,0.23698246,77.62807672012369
717,6084,0.29,0.23729885,77.79123051410951
718,6087,0.28,0.23496635,80.83400158228599
719,6115,0.28,0.23279172,79.72080888017888
720,6124,0.28,0.2265376,76.40020914732078
721,6132,0.28,0.22311397,74.50359953048584
722,6133,0.28,0.23829295,82.49757156411606
723,6154,0.28,0.2349453,80.82332215718586
724,6157,0.28,0.24500376,85.71603955838745
725,6166,0.28,0.23608424,81.39826583338304
726,6169,0.28,0.23470193,80.6997461680776
727,6176,0.28,0.23235914,79.49688630248852
728,6217,0.28,0.2415838,84.09818599500356
729,6230,0.28,0.23906644,82.87774576545968
730,6240,0.28,0.23147856,79.03847179618369
731,6257,0.27,0.2350598,85.13561120677828
732,6268,0.27,0.22838521,81.77868437453348
733,6275,0.27,0.2298738,82.54425137927615
734,6276,0.27,0.23555136,85.37531554474104
735,6278,0.27,0.22900632,82.09932384431018
736,6279,0.27,0.2275687,81.3545101234118
737,6295,0.27,0.22311172,78.98439340632537
738,6308,0.27,0.22505835,80.03111032541656
739,6316,0.27,0.23453875,84.88042964672164
740,6317,0.27,0.2238941,79.40727569850783
741,6339,0.27,0.22321789,79.04195295308733
742,6380,0.27,0.23211844,83.68007431371673
743,6396,0.27,0.2238634,79.39073186583592
744,6400,0.27,0.22818655,81.67575930528545
745,6408,0.27,0.22891527,82.05243140259977
746,6421,0.26,0.22311172,83.4664529097948
747,6442,0.26,0.22561586,84.75987409932246
748,6451,0.26,0.22349668,83.66717338035636
749,6454,0.26,0.22311172,83.4664529097948
750,6455,0.26,0.22311172,83.4664529097948
751,6469,0.26,0.22379248,83.82093901910974
752,6483,0.26,0.22311172,83.4664529097948
753,6488,0.26,0.22311172,83.4664529097948
754,6514,0.26,0.22311172,83.4664529097948
755,6533,0.26,0.23019668,87.05310832212709
756,6578,0.26,0.22538778,84.64325889533171
757,6584,0.25,0.22311172,87.94851241326424
758,6639,0.25,0.22311172,87.94851241326424
759,6646,0.25,0.22311172,87.94851241326424
760,6650,0.25,0.22311172,87.94851241326424
761,6685,0.25,0.22311172,87.94851241326424
762,6688,0.25,0.22466747,88.72443578470481
763,6691,0.25,0.22311172,87.94851241326424
764,6695,0.25,0.22311172,87.94851241326424
765,6717,0.25,0.22311172,87.94851241326424
766,6721,0.25,0.22012503,86.4281835898589
767,6741,0.25,0.21843083,85.54729308200042
768,6751,0.25,0.22311172,87.94851241326424
769,6767,0.24,0.22311172,92.43057191673367
770,6788,0.24,0.22016661,90.99164427036214
771,6795,0.24,0.22452196,93.10622672211701
772,6803,0.24,0.22311172,92.43057191673367
773,6853,0.24,0.21520342,88.47760841824679
774,6880,0.24,0.21839397,90.10685423907788
775,6886,0.24,0.21064867,86.06621674991635
776,6896,0.24,0.220493,91.1530089642959
777,6897,0.24,0.22311172,92.43057191673367
778,6901,0.24,0.21894486,90.38336078038046
779,6911,0.24,0.22152826,91.66167876656996
780,6925,0.24,0.21579303,88.78231993992387
781,6930,0.24,0.21583097,88.80186957196238
782,6941,0.23,0.22208215,96.43472159663105
783,6942,0.23,0.22079119,95.82917728675473
784,6949,0.23,0.22113067,95.98909960411939
785,6964,0.23,0.21172689,91.36948968983974
786,6971,0.23,0.22311172,96.9126314202031
787,6976,0.23,0.21689728,93.95902012472064
788,6988,0.23,0.20739731,89.10174492416331
789,6994,0.23,0.21684287,93.93241529268772
790,7021,0.23,0.21278927,91.91184174056582
791,7063,0.23,0.21374251,92.39388994031448
792,7072,0.23,0.22311172,96.9126314202031
793,7075,0.23,0.21264324,91.83761289048556
794,7113,0.23,0.21662566,93.82605952521968
795,7161,0.22,0.20571417,93.05549340525963
796,7165,0.22,0.20883676,94.65456384030651
797,7172,0.22,0.21675579,98.50328913289246
798,7174,0.22,0.21359563,97.00163748695425
799,7177,0.22,0.20802651,94.24424976234602
800,7185,0.22,0.20545287,92.91948299750162
801,7219,0.22,0.2072062,93.82557317951846
802,7220,0.22,0.20494315,92.65315786481145
803,7229,0.22,0.20766139,94.05830343457771
804,7234,0.22,0.20682922,93.63205066485956
805,7235,0.22,0.20515671,92.76490346992854
806,7256,0.22,0.20334892,91.81157181888562
807,7262,0.22,0.20505384,92.71110251996049
808,7301,0.21,0.20936824,99.69825596519404
809,7307,0.21,0.20665471,98.3812188936791
810,7348,0.21,0.19730912,93.56802239315181
811,7349,0.21,0.19937709,94.67195038553899
812,7365,0.21,0.19919796,94.57723514654344
813,7378,0.21,0.20490816,97.51506353575854
814,7379,0.21,0.20817688,99.12424524967372
815,7384,0.21,0.20696546,98.53379466963472
816,7394,0.21,0.21061996,99.70565170272438
817,7404,0.21,0.19567424,92.67877091653673
818,7412,0.21,0.20003842,95.02016566759912
819,7413,0.21,0.20102982,95.53788703081926
820,7423,0.21,0.20295429,96.52842636493071
821,7430,0.21,0.20713955,98.61907185865664
822,7433,0.21,0.19259527,90.96305612831097
823,7442,0.21,0.20005824,95.03056537690715
824,7447,0.21,0.20777632,98.92977361065083
825,7448,0.21,0.19669949,93.23815473900213
826,7457,0.21,0.19835079,94.12696415081072
827,7462,0.21,0.201002,95.52342854363877
828,7465,0.21,0.19490881,92.25730886493378
829,7475,0.21,0.19009385,89.52824860927137
830,7489,0.21,0.20337847,96.74423192940351
831,7508,0.2,0.19036265,94.93737192291111
832,7521,0.2,0.19650845,98.22320736693855
833,7536,0.2,0.19796349,98.9712704566505
834,7557,0.2,0.18170327,89.93043406949374
835,7563,0.2,0.18308961,90.76387473654945
836,7576,0.2,0.1960616,97.99124162994543
837,7592,0.2,0.19101141,95.29421520780923
838,7595,0.2,0.19714059,98.54955762640647
839,7613,0.2,0.19213161,95.90468672612604
840,7617,0.2,0.19740315,98.68449302249533
841,7679,0.2,0.19039145,94.95326663929447
842,7704,0.2,0.19488466,97.37519505312846
843,7706,0.2,0.19627981,98.10464910153
844,7715,0.19,0.19856901,95.6846164127008
845,7717,0.19,0.18086056,94.94669502322049
846,7723,0.19,0.19225396,98.82761211584766
847,7732,0.19,0.18025722,94.59506580924284
848,7765,0.19,0.17770284,93.07993301041573
849,7775,0.19,0.19063225,99.6683384514513
850,7778,0.19,0.18914914,99.55016518581357
851,7785,0.19,0.18107778,95.07271309465068
852,7797,0.19,0.18628961,98.00826704626353
853,7826,0.19,0.17789766,93.19702240899407
854,7827,0.19,0.19074528,99.6092803994532
855,7853,0.19,0.18855244,99.23227681739655
856,7864,0.19,0.17991866,94.39672450296032
857,7871,0.19,0.17886709,93.77587378818313
858,7909,0.19,0.18874061,99.33274088895709
859,7916,0.19,0.17613222,92.12649270945352
860,7918,0.19,0.18848962,99.19869109210894
861,7923,0.19,0.184832,97.20395109073252
862,7953,0.19,0.18104868,95.055846964573
863,7954,0.19,0.18578017,97.7285883227875
864,7958,0.19,0.1843066,96.91091195637472
865,7959,0.19,0.18058357,94.78555343707664
866,7983,0.18,0.18557036,96.99824947628827
867,8013,0.18,0.17747724,98.57854481534297
868,8027,0.18,0.1734536,96.22584897915634
869,8033,0.18,0.17268609,95.76461827215958
870,8058,0.18,0.18361688,98.03020470171201
871,8070,0.18,0.1777308,98.72323688690294
872,8072,0.18,0.18835235,95.56557346960216
873,8076,0.18,0.18136728,99.24612746390046
874,8088,0.18,0.16910623,93.55803162824567
875,8096,0.18,0.1718384,95.25042300127993
876,8107,0.18,0.17868906,99.26635834024094
877,8109,0.18,0.1801119,99.9378719718245
878,8110,0.18,0.18183501,98.99083755035036
879,8125,0.18,0.1821515,98.8188423083153
880,8126,0.18,0.18115109,99.36456797504351
881,8128,0.18,0.180451,99.75006750696251
882,8129,0.18,0.17992358,99.95752590983933
883,8137,0.18,0.17373776,96.39558177544123
884,8168,0.18,0.17209259,95.40514010898664
885,8174,0.18,0.17788036,98.80839104226575
886,8199,0.18,0.17687246,98.23175528298502
887,8200,0.18,0.17158498,95.09571212813204
888,8201,0.18,0.183559,98.06111360240861
889,8203,0.17,0.173232,98.1342916026223
890,8222,0.17,0.17509693,97.08908140176517
891,8233,0.17,0.1711489,99.32871538015227
892,8260,0.17,0.1626887,95.5059585885651
893,8274,0.17,0.17352083,97.97094493621438
894,8280,0.17,0.1733219,98.08339125108887
895,8306,0.17,0.17185703,98.9194336663161
896,8313,0.17,0.16887332,99.33282831389008
897,8353,0.17,0.17826018,95.36622396792468
898,8363,0.17,0.16607518,97.63672395722718
899,8366,0.17,0.1709654,99.43532241046033
900,8430,0.17,0.16263051,95.46857072540837
901,8432,0.17,0.17699914,96.04566613608733
902,8434,0.17,0.1785332,95.22038667374446
903,8437,0.17,0.1597023,93.551940761973
904,8462,0.16,0.16920884,94.55770776457008
905,8485,0.16,0.1622445,98.61659486313611
906,8498,0.16,0.16183048,98.86888748519833
907,8503,0.16,0.16747923,95.53423319036231
908,8523,0.16,0.15470074,96.57450973536261
909,8524,0.16,0.16494362,97.00284221621133
910,8539,0.16,0.16091442,99.43173453603666
911,8552,0.16,0.16025972,99.83793578486652
912,8600,0.16,0.15950568,99.69009266884305
913,8710,0.15,0.16161141,92.81522997710215
914,8724,0.15,0.15700676,95.53729044957336
915,8727,0.15,0.15241234,98.41722786733447
916,8733,0.15,0.1529288,98.0848607963575
917,8759,0.15,0.16305164,91.99539763905098
918,8763,0.15,0.15581354,96.26890910603674
919,8764,0.15,0.15619464,96.03402389514642
920,8772,0.15,0.16132861,92.97792654744157
921,8791,0.15,0.17073193,87.85702727598195
922,8799,0.15,0.15629557,95.97201133626305
923,8814,0.15,0.15173668,98.85546676597063
924,8820,0.15,0.15300643,98.03509280403517
925,8823,0.15,0.15914539,94.25344000683141
926,8840,0.15,0.1537665,97.55050806296482
927,8861,0.15,0.14730166,98.16815300619194
928,8862,0.15,0.15449843,97.0883664245356
929,8889,0.15,0.16612391,90.29404522824692
930,8898,0.15,0.15515181,96.67950114011998
931,8899,0.15,0.15180716,98.80956919613891
932,8914,0.15,0.15686503,95.62360680130794
933,8923,0.15,0.15077618,99.48521201634485
934,8927,0.15,0.14951828,99.6778194782102
935,8956,0.15,0.16445965,91.20778493571447
936,8957,0.15,0.14944066,99.62571168833578
937,8962,0.15,0.14767471,98.42539697659463
938,8970,0.15,0.16583675,90.45039695875215
939,8972,0.15,0.16544345,90.66542060586585
940,8973,0.15,0.15920806,94.21633593753509
941,8978,0.15,0.14925554,99.50122050203815
942,8992,0.14,0.15028578,93.15585253613403
943,8997,0.14,0.15548547,90.04057002317228
944,9016,0.14,0.14490297,96.61637424038032
945,9040,0.14,0.14605802,95.85231755675598
946,9055,0.14,0.15626118,89.5935917669463
947,9060,0.14,0.14808282,94.54168794093586
948,9070,0.14,0.15192637,92.14990222258491
949,9075,0.14,0.14188665,98.67031077567684
950,9088,0.14,0.14865634,94.1769462753096
951,9095,0.14,0.15130627,92.52755921021014
952,9121,0.14,0.15013698,93.24818068979455
953,9123,0.14,0.14360592,97.48901873256114
954,9148,0.14,0.15038836,93.09231111910834
955,9154,0.14,0.14663321,95.47632633997766
956,9190,0.14,0.14988993,93.40187095204736
957,9191,0.14,0.14706302,95.19728546253651
958,9274,0.14,0.14421444,97.07765982607891
959,9288,0.14,0.14884749,94.05600288157378
960,9293,0.14,0.14899705,93.96158964730856
961,9297,0.14,0.14559066,96.16001270773921
962,9308,0.14,0.14441735,96.94126387117039
963,9331,0.13,0.1480565,87.80431372927919
964,9358,0.13,0.14943025,86.99711350930696
965,9364,0.13,0.15196577,85.54558203613365
966,9378,0.13,0.15083757,86.18542424834563
967,9385,0.13,0.14203537,91.52650109653632
968,9393,0.13,0.14273155,91.08007473363406
969,9394,0.13,0.14241195,91.28447613419296
970,9403,0.13,0.14991534,86.71561036625076
971,9414,0.13,0.13877815,93.67468864769354
972,9418,0.13,0.14761132,88.06912639455491
973,9422,0.13,0.14038926,92.59967367782414
974,9426,0.13,0.13792233,94.25594710177207
975,9428,0.13,0.1464487,88.7682844312468
976,9440,0.13,0.14056066,92.48676192368258
977,9441,0.13,0.13827035,94.01871159541709
978,9445,0.13,0.14631248,88.85093346847457
979,9455,0.13,0.14209726,91.48663095772163
980,9462,0.13,0.14283182,91.01613525988441
981,9491,0.13,0.13791284,94.26243439615506
982,9499,0.13,0.1383395,93.97171138951941
983,9500,0.13,0.14359388,90.5331078277809
984,9512,0.13,0.14077243,92.34762664180396
985,9515,0.13,0.1424545,91.25720526027305
986,9536,0.13,0.14090644,92.2598013487843
987,9546,0.13,0.14426339,90.11295447164818
988,9550,0.13,0.14081132,92.32212026471139
989,9551,0.13,0.13004684,99.9639787627233
990,9555,0.13,0.14319213,90.78711407434818
991,9556,0.13,0.13903153,93.50397031247188
992,9559,0.13,0.14024279,92.69639062027508
993,9569,0.13,0.14048603,92.53589012477703
994,9574,0.13,0.1495772,86.91164137400085
995,9585,0.13,0.13945054,93.22301978539632
996,9608,0.13,0.14290877,90.96712738564268
997,9609,0.13,0.14028922,92.66571056810396
998,9627,0.13,0.1312154,99.07374164690299
999,9631,0.13,0.14184797,91.64741782340973
1000,9638,0.13,0.13807386,94.15250540147939
1001,9658,0.12,0.13626271,88.06517624487721
1002,9670,0.12,0.13195202,90.94214869313338
1003,9672,0.12,0.1416267,84.72978566679646
1004,9742,0.12,0.13012943,92.21588308405583
1005,9756,0.12,0.1368066,87.71506173226781
1006,9761,0.12,0.13370243,89.75154943629607
1007,9767,0.12,0.13554028,88.53456910622019
1008,9854,0.12,0.13931337,86.13674337871137
1009,9863,0.12,0.13523951,88.7314649886456
1010,9866,0.12,0.13611913,88.15807330209748
1011,9896,0.12,0.13696247,87.61524016591167
1012,9911,0.12,0.13535675,88.6546082087375
1013,9925,0.12,0.13079986,91.7432176289584
1014,9984,0.12,0.12058341,99.51617922187069
1015,9986,0.12,0.13081563,91.73216106641297
1016,10002,0.11,0.13272841,82.87600049083595
1017,10019,0.11,0.13490069,81.54146632862891
1018,10052,0.11,0.13559091,81.12638174674417
1019,10055,0.11,0.1157719,95.01442294728348
1020,10063,0.11,0.1333507,82.48925568783332
1021,10064,0.11,0.12339111,89.14742959992088
1022,10075,0.11,0.13530944,81.295139245653
1023,10083,0.11,0.13633537,80.68338952699395
1024,10093,0.11,0.12896565,85.29403247100028
1025,10095,0.11,0.123722725,88.9084849537056
1026,10115,0.11,0.12479478,88.1447116098751
1027,10132,0.11,0.12274861,89.61404694616827
1028,10172,0.11,0.13109139,83.91092907740634
1029,10173,0.11,0.12531024,87.78213024714641
1030,10176,0.11,0.11742816,93.67429317830705
1031,10198,0.11,0.11842394,92.88662508606701
1032,10234,0.11,0.12689182,86.68801392649648
1033,10236,0.11,0.12820765,85.79830983034378
1034,10240,0.11,0.1200321,91.64215096351211
1035,10265,0.11,0.11638366,94.51498858889617
1036,10280,0.11,0.13268498,82.90313148490097
1037,10290,0.11,0.12835807,85.69776980725715
1038,10366,0.11,0.121797815,90.31360704737247
1039,10400,0.11,0.12010637,91.58548433401546
1040,10401,0.11,0.13236657,83.10255511388645
1041,10430,0.1,0.11922439,83.87545402841778
1042,10439,0.1,0.120301776,83.1242926155927
1043,10450,0.1,0.11728186,85.2646765944755
1044,10454,0.1,0.12926097,77.36287167171764
1045,10483,0.1,0.11711481,85.38629587189523
1046,10511,0.1,0.124203324,80.51314290430976
1047,10516,0.1,0.12249184,81.63809345852603
1048,10520,0.1,0.12225343,81.79729407386796
1049,10522,0.1,0.11763954,85.00543152228546
1050,10525,0.1,0.12284926,81.40056957103988
1051,10528,0.1,0.13348103,74.91701496802773
1052,10565,0.1,0.11918955,83.89997068889718
1053,10569,0.1,0.118654065,84.27861290702779
1054,10570,0.1,0.12105595,82.60642897170119
1055,10588,0.1,0.121853106,82.06602483043713
1056,10596,0.1,0.11641547,85.89923596897796
1057,10601,0.1,0.124548785,80.28982353227964
1058,10618,0.1,0.12117033,82.52845595142804
1059,10625,0.1,0.11833669,84.50464342680378
1060,10651,0.1,0.12974414,77.0747705691823
1061,10654,0.1,0.11879607,84.17786679188404
1062,10663,0.1,0.1263851,79.12325562750249
1063,10682,0.1,0.12549256,79.68600025909373
1064,10703,0.1,0.11933241,83.79953079709863
1065,10725,0.1,0.116765715,85.64157710530016
1066,10726,0.1,0.12750879,78.42596620065281
1067,10738,0.1,0.1258787,79.44155347740542
1068,10767,0.1,0.1199153,83.39219493749488
1069,10784,0.1,0.11932714,83.8032300317099
1070,10801,0.1,0.11963477,83.58773968436532
1071,10806,0.1,0.11127746,89.86545797744529
1072,10814,0.1,0.1209901,82.6513921779497
1073,10822,0.1,0.121628135,82.21781879331945
1074,10867,0.09,0.117913835,76.3269214255642
1075,10874,0.09,0.11388997,79.02364017709476
1076,10884,0.09,0.12689273,70.92604878067111
1077,10923,0.09,0.12144414,74.10814347547051
1078,10926,0.09,0.121543325,74.04766953821456
1079,10927,0.09,0.12170029,73.95216750775789
1080,10929,0.09,0.1144064,78.6669281170551
1081,10947,0.09,0.12446294,72.31068151328097
1082,10966,0.09,0.11830406,76.07515822336389
1083,10970,0.09,0.11066071,81.329679210327
1084,10977,0.09,0.11502149,78.24624802183557
1085,11000,0.09,0.10794041,83.3793362934449
1086,11024,0.09,0.11464474,78.50338118495593
1087,11027,0.09,0.11529741,78.05899751831281
1088,11029,0.09,0.11948701,75.32199528909992
1089,11070,0.09,0.119600266,75.25066861959489
1090,11076,0.09,0.11640439,77.31667043555385
1091,11096,0.09,0.1041286,86.43158625016314
1092,11114,0.09,0.12231729,73.57913070046449
1093,11129,0.09,0.11757944,76.54399586344424
1094,11134,0.09,0.11006004,81.77354562944011
1095,11135,0.09,0.11369725,79.15758515934307
1096,11137,0.09,0.11772578,76.44884442246817
1097,11147,0.09,0.11470764,78.46033531614695
1098,11163,0.09,0.113156006,79.53621145541523
1099,11208,0.09,0.11690122,76.98807664598117
1100,11221,0.09,0.10993607,81.86575816126603
1101,11223,0.09,0.12337451,72.94861986614445
1102,11246,0.09,0.10614431,84.7902264480241
1103,11251,0.09,0.11399592,78.95019598669906
1104,11259,0.09,0.10267123,87.6584428247892
1105,11261,0.09,0.10313899,87.26088881514166
1106,11300,0.08,0.10904542,73.36392246725485
1107,11302,0.08,0.108693525,73.60144024806222
1108,11336,0.08,0.11741671,68.13340301447948
1109,11353,0.08,0.10452119,76.53950170498162
1110,11354,0.08,0.108072326,74.02450124513778
1111,11357,0.08,0.107237965,74.60044593168624
1112,11363,0.08,0.10738122,74.50092492865377
1113,11367,0.08,0.10660463,75.04364613626939
1114,11388,0.08,0.116749465,68.52279766849047
1115,11400,0.08,0.10711327,74.6872899523528
1116,11418,0.08,0.1131698,70.69023916887265
1117,11421,0.08,0.10780792,74.20605133446129
1118,11433,0.08,0.10136224,78.92485150254215
1119,11485,0.08,0.104516655,76.54282453050288
1120,11496,0.08,0.11462227,69.79446334425374
1121,11506,0.08,0.10621964,75.31563710429705
1122,11526,0.08,0.09751257,82.04070258397135
1123,11578,0.08,0.10671114,74.9687414797682
1124,11586,0.08,0.10712926,74.67614294141465
1125,11587,0.08,0.10453088,76.53240961070492
1126,11605,0.08,0.11920894,67.10906113286708
1127,11614,0.08,0.10570516,75.68221109474773
1128,11638,0.08,0.10594693,75.50950396752283
1129,11650,0.08,0.10324703,77.48406785541663
1130,11665,0.08,0.10296129,77.69910653487929
1131,11678,0.08,0.10017544,79.85989355403962
1132,11706,0.08,0.10391668,76.98475184838301
1133,11712,0.08,0.102996096,77.67284692845769
1134,11714,0.08,0.109006286,73.39026324049033
1135,11727,0.08,0.10954747,73.02769972794381
1136,11728,0.08,0.10812635,73.98751570459426
1137,11747,0.08,0.10231949,78.18647530792235
1138,11750,0.08,0.10263482,77.94625844947505
1139,11758,0.08,0.10372583,77.12640271458272
1140,11767,0.07,0.1017843,68.77288788286467
1141,11768,0.07,0.095731676,73.12104331518806
1142,11788,0.07,0.106565475,65.68731542302805
1143,11792,0.07,0.10484132,66.76756727255052
1144,11798,0.07,0.107431196,65.15798279942724
1145,11820,0.07,0.1022774,68.44131870181185
1146,11857,0.07,0.099994875,70.00358734036779
1147,11865,0.07,0.101632036,68.8759200051082
1148,11870,0.07,0.109066226,64.18118865158132
1149,11934,0.07,0.10234451,68.39643669163965
1150,11951,0.07,0.107845314,64.90778087888616
1151,11954,0.07,0.09775269,71.60928233714509
1152,11957,0.07,0.09952925,70.33108254688557
1153,11968,0.07,0.1123171,62.323546366268914
1154,11991,0.07,0.09596071,72.94652423191104
1155,11997,0.07,0.09892921,70.75766494096199
1156,12025,0.07,0.114582665,61.09126527852059
1157,12032,0.07,0.10184652,68.73086830793771
1158,12038,0.07,0.098709285,70.91531441662687
1159,12058,0.07,0.10495621,66.69448165767776
1160,12062,0.07,0.09958925,70.28871018699311
1161,12070,0.07,0.09861386,70.98393801988074
1162,12090,0.07,0.10044286,69.69136721535126
1163,12118,0.07,0.0985347,71.04096088771779
1164,12125,0.07,0.09842826,71.11778900578216
1165,12127,0.07,0.09094939,76.9658848760795
1166,12129,0.07,0.09429261,74.23699412282491
1167,12163,0.07,0.09071928,77.16110398241281
1168,12175,0.07,0.09071617,77.16375297128269
1169,12185,0.07,0.09642634,72.59427401560981
1170,12193,0.07,0.10702844,65.40317716935627
1171,12198,0.07,0.09548761,73.30794054055319
1172,12267,0.07,0.10431558,67.104070852082
1173,12276,0.06,0.10242391,58.5800738831975
1174,12283,0.06,0.09295441,64.54776986132718
1175,12284,0.06,0.09614229,62.40749907005579
1176,12285,0.06,0.09090261,66.0047043040497
1177,12293,0.06,0.09455831,63.45290835480587
1178,12295,0.06,0.09934591,60.395039381334094
1179,12306,0.06,0.08933745,67.16108174105366
1180,12315,0.06,0.09563619,62.7377571581088
1181,12361,0.06,0.09569374,62.70002793566637
1182,12369,0.06,0.09797178,61.24212372286504
1183,12431,0.06,0.09397,63.85016444082192
1184,12435,0.06,0.09170847,65.42471196862239
1185,12487,0.06,0.08789359,68.26436350363207
1186,12519,0.06,0.086867675,69.07057184629247
1187,12601,0.06,0.08789645,68.26214150368111
1188,12605,0.06,0.10528688,56.987156655626926
1189,12621,0.06,0.090525225,66.27986854418361
1190,12634,0.06,0.08423656,71.22797796575989
1191,12643,0.06,0.08423491,71.22937659176894
1192,12646,0.06,0.09199527,65.22074516764506
1193,12672,0.06,0.08658604,69.29523252914326
1194,12702,0.06,0.09500782,63.152694998186135
1195,12706,0.06,0.08641949,69.4287804116
1196,12710,0.06,0.089505166,67.03523696473374
1197,12736,0.06,0.08313577,72.1711014246443
1198,12752,0.06,0.08895391,67.45065897256698
1199,12765,0.06,0.098494604,60.91704258228729
1200,12774,0.06,0.09028967,66.45278671225437
1201,12813,0.06,0.084619075,70.90599839047385
1202,12832,0.06,0.08837852,67.88980037369865
1203,12833,0.06,0.084329754,71.1492647290094
1204,12868,0.05,0.08904813,56.14940898629985
1205,12899,0.05,0.10154488,49.23931202323143
1206,12978,0.05,0.08754113,57.116007289457016
1207,13043,0.05,0.087031156,57.4506905328631
1208,13051,0.05,0.095448464,52.3842897238253
1209,13056,0.05,0.08803296,56.79690821884048
1210,13060,0.05,0.09046005,55.27302006648029
1211,13100,0.05,0.08617823,58.019294443696126
1212,13120,0.05,0.084842324,58.93285036440455
1213,13144,0.05,0.088046,56.78849730404506
1214,13173,0.05,0.08725655,57.30228796342974
1215,13175,0.05,0.08680576,57.59986376985346
1216,13239,0.05,0.083532155,59.85718944197992
1217,13266,0.05,0.087157905,57.36714293627635
1218,13267,0.05,0.08722395,57.323707183736225
1219,13330,0.05,0.08500913,58.817213235157496
1220,13359,0.05,0.08272937,60.43802867284093
1221,13371,0.05,0.083345905,59.99094980395115
1222,13385,0.05,0.08314036,60.13926449805582
1223,13389,0.05,0.08330679,60.01911772281592
1224,13398,0.05,0.07909644,63.213972983034154
1225,13417,0.05,0.08506884,58.775930030322975
1226,13438,0.05,0.086905405,57.53382087449116
1227,13458,0.05,0.08563876,58.38477707095032
1228,13467,0.05,0.08839697,56.56302699495299
1229,13473,0.05,0.082758084,60.417058515420344
1230,13484,0.05,0.08748363,57.15355002710816
1231,13488,0.05,0.088732645,56.34904723911865
1232,13528,0.04,0.079575896,50.26647751190582
1233,13560,0.04,0.08439739,47.394830302483506
1234,13575,0.04,0.087589145,45.6677595539169
1235,13579,0.04,0.08208126,48.732196398941255
1236,13580,0.04,0.08796151,45.4744354435552
1237,13589,0.04,0.08789872,45.50692168198084
1238,13599,0.04,0.08813833,45.38320769221536
1239,13601,0.04,0.08236919,48.56184494716884
1240,13647,0.04,0.08926016,44.81282532585172
1241,13678,0.04,0.079053774,50.59846954191626
1242,13718,0.04,0.08403157,47.60115922949506
1243,13748,0.04,0.08132209,49.18712808750927
1244,13755,0.04,0.078323275,51.07038753955815
1245,13761,0.04,0.08534148,46.87052348716731
1246,13781,0.04,0.08560602,46.72568387774736
1247,13787,0.04,0.09098232,43.96458664989551
1248,13819,0.04,0.0886848,45.10355914842824
1249,13888,0.04,0.08944455,44.720445172879
1250,13936,0.04,0.08076599,49.52579521390141
1251,13951,0.04,0.08735523,45.790047950381336
1252,13974,0.04,0.08874498,45.07297045205543
1253,13988,0.04,0.08730899,45.814298078221164
1254,14013,0.04,0.084948376,47.08742175863727
1255,14020,0.04,0.07717925,51.82739971255425
1256,14041,0.04,0.0789479,50.66632440586293
1257,14043,0.04,0.07578106,52.78363593068324
1258,14093,0.04,0.08088218,49.454653180569835
1259,14098,0.04,0.08272788,48.35129383869012
1260,14109,0.04,0.086190715,46.408710960846356
1261,14164,0.03,0.07906981,37.941156948788084
1262,14181,0.03,0.079576895,37.69938514862887
1263,14209,0.03,0.0873801,34.33276142359991
1264,14221,0.03,0.07906675,37.94262280252088
1265,14222,0.03,0.07870056,38.11917095600591
1266,14229,0.03,0.08071193,37.169225952028675
1267,14235,0.03,0.074937984,40.03310238629803
1268,14259,0.03,0.085423306,35.11922159709077
1269,14273,0.03,0.086789906,34.56623168987146
1270,14312,0.03,0.07724859,38.8356612040937
1271,14344,0.03,0.08603531,34.86940370630296
1272,14348,0.03,0.07901789,37.96608471636028
1273,14377,0.03,0.07701649,38.952698167684986
1274,14385,0.03,0.076258406,39.33992533631388
1275,14423,0.03,0.08248536,36.37008912836946
1276,14501,0.03,0.07693006,38.99645940322959
1277,14504,0.03,0.080594674,37.223303480353664
1278,14535,0.03,0.076046124,39.44974231728099
1279,14537,0.03,0.08108461,36.99839014859149
1280,14553,0.03,0.07568169,39.63970866201265
1281,14567,0.03,0.08028819,37.36539738224355
1282,14593,0.03,0.08255483,36.33948399694521
1283,14598,0.03,0.08313967,36.08385619337102
1284,14612,0.03,0.078219816,38.35345248829212
1285,14615,0.03,0.083615124,35.87867658852219
1286,14623,0.03,0.09429878,31.8137732124538
1287,14631,0.03,0.078643814,38.146674960688344
1288,14668,0.03,0.08321792,36.04992819616592
1289,14697,0.03,0.078576386,38.17940928154818
1290,14713,0.03,0.08145982,36.827972244925434
1291,14774,0.03,0.08154182,36.79093684618138
1292,14798,0.03,0.07609077,39.42659641447487
1293,14813,0.03,0.08182636,36.663002428944544
1294,14824,0.03,0.075395525,39.79016022268478
1295,14828,0.03,0.07832576,38.301573733727544
1296,14838,0.03,0.07623543,39.35178250974918
1297,14852,0.03,0.076642975,39.14253056767837
1298,14858,0.03,0.084272966,35.598604747303625
1299,14897,0.03,0.08215627,36.515776250432125
1300,14904,0.03,0.080216765,37.39866578888316
1301,14916,0.03,0.07894726,38.000051717033834
1302,15044,0.02,0.077256754,25.887704251021244
1303,15069,0.02,0.07600796,26.31303275873156
1304,15075,0.02,0.07632463,26.203862157776786
1305,15169,0.02,0.075720906,26.412784775650866
1306,15203,0.02,0.07702032,25.9671742430369
1307,15206,0.02,0.07665554,26.090744141146665
1308,15208,0.02,0.076425,26.169446819379598
1309,15232,0.02,0.07499169,26.669622324969943
1310,15258,0.02,0.07662046,26.10268864966962
1311,15267,0.02,0.07672338,26.06767260608695
1312,15270,0.02,0.08240038,24.271732266434423
1313,15282,0.02,0.07799657,25.64215426017159
1314,15293,0.02,0.096706524,20.681127881704782
1315,15304,0.02,0.07616858,26.257545455061216
1316,15324,0.02,0.07872932,25.403497535220932
1317,15346,0.02,0.075023144,26.65844005562973
1318,15349,0.02,0.07688594,26.01255880154923
1319,15355,0.02,0.07714583,25.924926924348036
1320,15408,0.02,0.082664296,24.194242206454177
1321,15419,0.02,0.07705158,25.956638413380873
1322,15455,0.02,0.076094404,26.283141709106765
1323,15459,0.02,0.0810823,24.666296047242767
1324,15489,0.02,0.07654235,26.12932658706906
1325,15498,0.02,0.07833624,25.53096790294796
1326,15523,0.02,0.07885648,25.362531035234714
1327,15584,0.02,0.08124448,24.617055972561662
1328,15605,0.02,0.073972836,27.036951730509024
1329,15620,0.02,0.078690425,25.41605298414547
1330,15651,0.02,0.07624096,26.23261937392455
1331,15697,0.02,0.076686785,26.08011288748967
1332,15736,0.02,0.07615434,26.26245721907921
1333,15747,0.02,0.0742781,26.925836341025445
1334,15829,0.02,0.07709673,25.941437305972276
1335,15853,0.02,0.086642236,23.08343024685689
1336,15872,0.02,0.073972836,27.036951730509024
1337,15885,0.02,0.07545483,26.505923745696812
1338,15914,0.02,0.07770422,25.73862750309609
1339,15983,0.02,0.074347734,26.900617951044936
1340,15991,0.02,0.07467888,26.781332564452775
1341,16039,0.02,0.074938,26.688729617236334
1342,16076,0.02,0.079603955,25.124379765303395
1343,16087,0.01,0.075851366,13.183678208293856
1344,16096,0.01,0.07568933,13.21190174084665
1345,16148,0.01,0.07692668,12.999391375665331
1346,16163,0.01,0.073972836,13.518475865254512
1347,16196,0.01,0.07448481,13.425556121715099
1348,16201,0.01,0.07830511,12.770558597228106
1349,16233,0.01,0.07547192,13.249960561400323
1350,16338,0.01,0.07503329,13.327417350640932
1351,16347,0.01,0.078324765,12.76735398340197
1352,16355,0.01,0.07534242,13.272735903091368
1353,16356,0.01,0.08007681,12.488009372771621
1354,16383,0.01,0.07484223,13.361440551334505
1355,16400,0.01,0.075606704,13.22634039433333
1356,16421,0.01,0.07554057,13.237919281846011
1357,16477,0.01,0.073972836,13.518475865254512
1358,16513,0.01,0.07489325,13.352337972077603
1359,16569,0.01,0.07449256,13.42415961557965
1360,16617,0.01,0.07910021,12.642192028558915
1361,16631,0.01,0.073972836,13.518475865254512
1362,16656,0.01,0.07406317,13.501988111369648
1363,16667,0.01,0.07503496,13.327120921789268
1364,16677,0.01,0.07484375,13.361169208703163
