,valores reais,valores preditos,porcentagem de acerto %
7043,111,334.8878,33.14543090359657
5999,1136,1108.712,97.53876904210692
2276,578,545.28894,94.00115110632241
961,78,142.20354,54.85095634925277
7548,967,1057.4321,91.44794957197034
2104,555,652.9963,84.99282762723028
6380,257,907.4436,28.321319253816835
7609,584,529.04193,89.6117744905497
5273,2266,2133.5645,93.79275621690155
1783,294,202.54587,54.847693009350735
5687,1289,1316.95,97.87767552236863
7309,1087,1045.0482,95.98566061229745
2644,70,46.18632,48.43997509966371
2799,636,1014.58124,62.68596109499312
2032,354,510.09702,69.39856327833816
675,135,81.487144,34.329695956709884
1610,59,77.11073,76.51334344771743
3645,1644,1369.1017,79.9212638091258
7527,1171,1152.8372,98.42450933615076
1335,130,159.22685,81.64452039757009
2076,396,343.29938,84.64878586399749
6838,1868,1834.714,98.18576568680044
8330,330,461.9513,71.4361025340188
6716,1900,1649.4178,84.80784272919443
1640,469,484.74823,96.75125580528612
248,653,443.7434,52.842884439854686
8273,1379,1473.9056,93.56094195615707
239,148,134.41026,89.8893606567408
3010,95,269.42703,35.26001052263755
402,204,434.30594,46.971496775039476
4277,247,284.74893,86.74308218299404
6641,23,-76.417305,-30.097894714036872
8425,597,380.11545,42.94245257744234
7245,0,131.23164,0.0
2715,197,146.08228,65.14448828701452
8745,809,764.20667,94.13858357821991
7797,1158,1405.8932,82.36756600654836
1687,273,278.06998,98.17672628132519
8701,681,803.8583,84.71642577067054
4431,1556,1363.1826,85.85535199896267
8610,426,619.60425,68.7535634790825
7376,0,99.12489,0.0
765,203,149.72464,64.41777375744903
6013,673,717.7798,93.76134768876193
4794,746,2794.1472,26.698664820359454
584,94,158.38597,59.34869064814461
791,186,183.38295,98.57290431125831
512,544,250.4903,17.174082177214473
8495,629,634.5575,99.12419360578805
245,86,41.83293,5.579663863278
2624,1212,951.5184,72.62463487858022
793,130,181.75816,71.52361001613288
5117,28,6.189309,252.39298048170093
549,279,352.05826,79.24824758836172
7049,1290,1440.6125,89.54524247684489
5120,104,232.59256,44.71338209741717
5378,600,570.66815,94.86008671604299
3016,31,-104.25235,-29.735540775395396
1946,115,143.11313,80.35601001464752
4267,2207,2084.4768,94.12211289811205
7953,195,331.81146,58.76831336331274
5112,26,312.0889,8.330959605160265
8411,834,872.48615,95.58891046703444
1518,115,113.248375,98.45328901012557
6828,1192,1333.911,89.36128350397016
1323,32,-6.1873016,-517.1882976440908
3180,969,1143.3945,84.74765039681049
213,321,365.64923,87.78905377698493
8525,118,175.10635,67.38761756291734
8422,894,813.1511,90.05733686375731
7321,0,41.159153,0.0
7708,165,218.37195,75.55915552715827
890,128,107.52671,80.95981045770601
1772,244,285.43265,85.48426466341432
6691,2468,2111.9314,83.14014346733258
4733,277,288.33865,96.06759155448489
1714,223,190.52473,82.9548296767583
6368,1678,991.6644,30.78953409862359
3525,1447,1234.9961,82.83363750517935
5002,862,819.9366,94.86991843955872
5263,410,1128.4355,36.33348853068494
3242,254,57.59408,241.01753464031492
1947,63,65.67193,95.93139950261109
7930,898,810.4211,89.1934056934589
639,228,254.39064,89.6259389763939
4954,878,1101.2225,79.72957079506475
436,39,-26.632345,-146.4384743729132
3871,1156,754.10815,46.70633868455565
6870,655,631.51263,96.28077659134509
7265,2432,2423.5105,99.64970228270245
5318,1142,971.11707,82.4034670326072
3072,325,285.38678,86.11946207015433
7792,1976,1561.425,73.44893682325512
4299,285,440.23727,64.737816791496
1529,382,407.94647,93.63973610800451
8150,993,1161.7472,85.47470624510811
5887,937,924.7967,98.68043341715797
3615,1168,1338.2711,87.2767845130176
3943,1251,836.6387,50.4730844922133
4977,19,24.22833,78.42059077089826
2869,860,1167.0853,73.6878426962367
5259,460,377.47803,78.13860233483167
5200,1105,1293.6667,85.41612449019685
3955,2236,2210.8071,98.86046725811792
7712,2154,1425.2131,48.864710304945135
1384,195,202.36401,96.3610063181414
5447,1113,1332.4406,83.53093115724246
5969,1063,1274.8749,83.38073158412547
8058,2254,1807.1925,75.27615381814785
7122,1492,2074.4111,71.92402587895566
7405,22,275.92746,7.973110042248095
7763,1175,874.5731,65.64874074307735
3416,429,1025.1056,41.84934740788064
8262,167,372.94876,44.77826915374094
6367,720,743.743,96.80763629843212
3784,2213,1753.7836,73.81567265806106
3582,183,320.763,57.051467819364575
2366,542,657.6428,82.41555775409705
7692,1088,1086.9489,99.90329375126694
2954,275,359.01,76.5995355337112
1911,440,260.75934,31.262035432594445
7246,0,238.66882,0.0
8026,717,819.50336,87.49201500319177
2555,742,630.54486,82.32399531229144
6736,1577,1627.344,96.90637048332175
6713,1525,1851.8394,82.35055570541007
2978,15,36.848446,40.707279877767185
6807,1249,1491.3566,83.74925402258931
6400,455,658.10065,69.13836084086162
3967,1239,1321.1675,93.78069157139737
8674,616,652.4167,94.41818584093564
6863,1309,1433.8265,91.2941674065698
1349,36,-24.518002,-146.8308904263365
8441,1031,1067.1367,96.61367488204051
6430,1717,1720.0919,99.82024687685247
4985,113,-31.375252,-360.15647245889704
5331,157,88.439606,22.477725070730088
1321,68,71.72076,94.81216218185617
8260,223,156.16156,57.19917250037227
4379,1036,928.0069,88.36289866167604
2938,579,735.3159,78.74166543265378
5244,1328,1232.0441,92.21164768716241
5504,1944,1297.5537,50.17961232638041
6842,462,460.89572,99.76040598489098
2347,683,547.87976,75.33761074240608
6740,1959,2013.4865,97.29392516199813
3125,123,134.71715,91.30240803332448
6660,995,1047.0449,95.02935157912802
4371,366,397.5639,92.06067162883326
4952,2331,1659.3206,59.52081466891349
1082,74,240.36691,30.786267180085986
5198,933,1160.9817,80.36302453998954
2935,918,620.1064,51.96088553904926
3413,136,210.69368,64.54868514467063
7443,372,229.52374,37.92526399960431
6214,1943,1997.9772,97.24835830966488
1106,141,149.93872,94.03841738731154
985,100,145.85,68.5635898630172
2522,178,184.59702,96.42626108160609
83,379,241.97606,43.37293464941007
4554,3309,2798.8328,81.77214291078896
4555,2797,2441.2866,85.42926603403566
3378,2268,2515.4307,90.16348700850726
1348,24,18.45958,69.98620395497645
7160,440,1109.6804,39.65105557426862
2559,1514,1097.4607,62.0451730835498
6857,2129,2214.1638,96.15368033506759
4292,2252,2133.158,94.4288213390345
7407,8,258.66833,3.0927635580938464
5952,707,912.2236,77.50293040800365
2144,816,583.4583,60.144249925805866
4540,255,302.6786,84.24778275674186
797,67,56.50212,81.4203806020271
8071,1024,801.9135,72.30543155025238
8646,339,250.32213,64.57449754530768
4332,1187,1092.3353,91.33373511788854
5624,1889,1209.2405,43.786241565548835
175,387,248.10866,44.01995344540475
8138,206,330.5685,62.316885167552016
6305,1704,1695.6757,99.50908413556283
2643,82,81.871254,99.84274574227689
5559,794,885.85895,89.6305221066159
5187,376,388.23087,96.84958962151543
7553,1685,1431.8234,82.31788626571115
2265,211,422.93036,49.890010392116594
7367,1033,888.63873,83.75478563520605
2976,355,132.91524,67.08751146430501
6286,1546,1693.2825,91.3019550340017
4246,1683,1652.1124,98.13041941081437
2425,163,241.7091,67.43643315601734
6632,1580,1150.3678,62.65262266982589
1403,145,112.94192,71.61542559835249
3296,1920,1122.6029,28.968908687053784
3472,1118,1127.0526,99.19678884500556
8506,659,749.44794,87.93139155571464
3390,184,296.16995,62.12649139913592
4761,944,1115.0682,84.6584960828775
5976,842,942.6908,89.31878869120882
7562,409,464.10046,88.1274706325319
5594,587,480.22693,77.76612161761294
5270,1517,1288.3497,82.25246895513531
4331,975,924.39606,94.52572926065206
3011,47,93.32075,50.3639344109508
4337,2166,2114.994,97.58835694039547
4974,37,92.504555,39.998030475992216
1643,176,141.06232,75.23244770494534
5468,2362,2092.2568,87.10755011386384
931,127,169.03491,75.13240810148375
7951,134,661.19617,20.2663001828296
7867,1827,1400.2964,69.52762162865213
8298,752,1424.2703,52.798967947367515
422,116,149.14127,77.77860763350407
8685,777,833.6621,93.20322841378987
8253,0,25.26323,0.0
5374,1945,1460.8442,66.85781077602212
941,52,35.571453,53.815361824322395
3060,697,501.77237,61.09239118634463
48,342,314.96417,91.41622126927646
6574,1789,1720.9022,96.04290252738208
7243,0,30.619967,0.0
3175,1054,821.23047,71.6560039955288
2953,430,483.62927,88.91107806852838
7439,1162,905.24475,71.63692484861645
7837,652,685.26776,95.1452901898182
700,86,49.73448,27.08174114307576
4498,1087,1111.1342,97.8279710727191
7694,1083,1271.0018,85.20837449158653
7913,1386,1064.5894,69.80895564283287
5003,1015,1032.8267,98.27399302865079
4656,1274,874.4716,54.31202421830761
4150,29,226.02005,12.830720103696553
6545,1473,1698.0475,86.7466906966404
3189,1241,1216.5771,97.99249463185566
6929,1474,1707.9209,86.30376274150028
154,321,113.59041,82.59428303225798
2203,568,463.6975,77.50635100734216
3714,2661,2199.5034,79.01814662977682
7629,1261,1347.1057,93.6080953360476
4156,59,35.461987,33.62466191638319
366,66,121.21019,54.4508676196062
4538,525,578.36896,90.77250657635287
2043,133,71.32828,13.538186400032515
2270,550,809.06415,67.97977655963578
6042,1850,837.4639,20.90503694006759
4784,2357,1768.4889,66.72237461070645
219,169,48.68325,147.1419811061288
5265,787,1053.328,74.71556797228094
395,189,98.10006,7.339566412672525
7253,208,237.89384,87.43395624456284
4609,555,691.29675,80.2839008932029
405,168,268.60226,62.546010314763556
3116,1362,1019.9577,66.46505080759144
2501,8,3.6020534,22.095541155486927
7058,122,408.70602,29.850306280114385
5077,1144,462.7555,47.21478553997699
6235,2353,2179.1416,92.02170256798186
3334,1003,994.92395,99.1882746612842
5073,862,1047.1741,82.31678216927301
7423,5,234.69218,2.1304501518680414
443,174,162.90536,93.18952140684212
2535,923,870.4305,93.96051491841497
1813,349,347.09183,99.45023983371881
5145,1156,1058.1056,90.74814366080484
8088,0,56.660145,0.0
6000,853,946.4209,90.1290325909187
5111,15,36.36723,41.245924482120905
1568,70,454.1387,15.413793105765475
2865,772,771.6035,99.94861553025989
8185,410,522.16534,78.51919023812187
3436,2,-101.98608,-1.9610520097259634
330,612,457.8562,66.33357843934479
6925,1465,843.2754,26.27264873528395
737,240,295.40125,81.24542599838756
1342,113,107.81107,95.18701879334482
5940,565,674.45715,83.77107385080558
2438,603,726.1544,83.04018873503716
757,248,260.42566,95.2287116335514
801,342,299.08878,85.65267978573836
2697,664,480.90726,61.92763984648411
418,36,102.230385,35.2145793650693
1023,177,221.65729,79.85300276762547
4844,2519,2313.1968,91.10308190500878
2611,818,810.1495,99.03097821529818
6011,624,607.1532,97.22527991179378
4618,992,967.5913,97.47737591383243
3911,50,111.0392,45.02914293056335
5701,628,648.5685,96.82863382453056
4570,1156,998.90533,84.27331799061044
6663,1178,1371.0386,85.92026673438069
2083,297,334.1542,88.88111993490152
3218,253,367.44562,68.85372632835063
6743,1363,1267.2123,92.44106759240893
3388,166,181.87451,91.27172270114556
1718,286,326.43982,87.61186076557618
67,422,300.04092,59.35251955884519
5383,1321,998.1387,67.65366003518267
3235,612,758.9335,80.63947932689129
2693,95,80.13226,81.44600411154958
8652,752,816.3675,92.115377785952
8146,790,797.76105,99.02714636307041
1800,178,208.81476,85.24301703982292
6450,1479,2267.3599,65.23005121293974
5618,382,517.644,73.79589318764747
2873,1460,1568.8529,93.06162452148658
3736,1223,1576.5317,77.57534912258261
77,82,118.94848,68.93740962226799
7403,29,163.0547,17.785442253021326
3593,2094,1697.8302,76.66611185505397
2233,118,240.65616,49.03261182316972
8043,242,277.57364,87.18407156567955
1633,96,107.13275,89.60845183884125
7456,2270,1597.247,57.880460970785066
7751,1018,868.6438,82.80581737032264
6962,227,309.45633,73.35445375441371
3295,1100,789.5521,60.680509046753315
1824,126,187.78542,67.09786250665796
3863,0,-215.10123,-0.0
6454,764,273.7546,79.08206007965538
3005,18,-6.7060046,-268.4161586676328
3371,805,792.6484,98.44172726496411
4829,336,298.70502,87.5144437567519
368,190,448.5015,42.363292422677326
7347,497,322.64432,45.96040505054239
1257,365,287.66498,73.11628878044888
329,382,394.8968,96.73413664227249
2669,81,77.71483,95.77278677368426
7516,82,51.624363,41.16026751462738
5055,1209,1337.1849,90.41382137786364
1361,196,237.0651,82.67771382860963
4753,929,816.29016,86.19242957543753
5280,900,907.4881,99.17485439645527
5467,2368,2092.951,86.85831241330793
7379,0,-43.149452,-0.0
6678,676,551.7831,77.48808848798296
6541,865,952.81775,90.7833634382395
3063,925,553.62335,32.91889755489322
8732,818,929.9451,87.96217907314418
8455,191,719.439,26.548462500580072
6218,572,649.81366,88.02523484844428
6739,2365,2225.5215,93.73277155020725
7717,1152,1181.2861,97.52082649588264
5022,594,401.06033,51.89260798154308
6474,2153,1733.2675,75.78374056011417
1063,59,187.3936,31.48453301177499
841,170,176.51456,96.30933731487168
777,315,472.58182,66.65512473200035
3076,90,50.698395,22.47958658508324
3663,143,494.91336,28.893946170270663
656,554,443.07993,74.96612505555711
3147,0,-43.33945,-0.0
4253,174,-118.74418,-146.5334989887264
1392,125,137.69417,90.78089633945318
1972,50,53.995365,92.60054056074223
3835,2405,2124.4294,86.79313368030917
1420,26,4.4624677,382.63727426472246
2585,603,864.91144,69.7181206670746
6522,57,205.80954,27.695509186210433
1337,170,192.15672,88.46945208371862
649,169,168.43904,99.66696624576122
4903,622,923.64075,67.34220008947375
4846,1979,1854.3828,93.2798564212318
4121,2214,1914.1312,84.33394897874523
3940,121,42.901417,82.0419675754327
1122,592,581.44867,98.18533756785708
551,237,230.85576,97.3384933655171
3769,609,485.2729,74.50360099870315
6216,1109,1088.9585,98.1595713722661
1632,116,133.51126,86.88405692751166
4025,131,9.1558,1230.7870630772063
2480,1371,1000.4003,62.95486322339585
7781,146,265.16144,55.0607965877951
3177,952,777.1353,77.49881112122952
3004,87,144.98706,60.0053547343092
7802,253,460.7295,54.912916210069376
5118,40,-20.330893,-196.744928321833
8624,250,673.48883,37.12014047653162
1428,186,163.63585,86.33297584986404
7954,330,302.49167,90.9060863008418
645,242,264.01028,91.66309582527703
3811,2241,1973.1521,86.42537995709247
6701,247,222.07631,88.77697000403944
6650,324,319.92755,98.72707157782801
8397,1123,1228.6302,91.40260065162839
6747,504,293.75684,28.42952457888282
999,181,160.30653,87.09131456201207
8564,777,901.72345,86.16832580459632
904,333,307.1475,91.58303119376023
4428,1134,1246.3561,90.98523439765668
4300,204,247.77602,82.33242389619718
1322,60,77.80753,77.11335584473194
7195,1937,1857.641,95.72796847375062
3590,1814,998.7108,18.365840043542477
8555,644,736.0778,87.49074930063676
4947,264,451.79654,58.43338251442858
7564,168,296.86133,56.59207989841637
2733,487,390.6656,75.3409528541175
4899,540,513.87036,94.91513022772094
6473,1356,1525.3136,88.89975157996534
7779,342,295.36746,84.21202609757339
6500,10,215.4237,4.642014652492051
7071,1288,1050.9055,77.43902963148643
7237,0,40.929073,0.0
608,578,401.55157,56.05834059505207
4083,347,311.55783,88.62420851459677
8695,796,783.04504,98.34556694345258
1472,273,297.75613,91.68576858589837
176,780,513.77,48.18109847833256
555,149,76.22278,4.5203766072992835
2037,321,437.9069,73.303253886435
8170,0,-129.68332,-0.0
453,224,240.02242,93.3246171402881
7863,1161,1207.8402,96.12198620524049
3944,1997,1017.98914,3.828947688715459
2371,718,544.8066,68.21010852318551
5531,687,795.7236,86.33651488613104
57,152,-1.197976,-12688.067279170566
8258,568,319.71985,22.3444673738949
5329,240,235.41397,98.05192995374021
5212,273,380.24432,71.79594354536967
2591,53,62.703148,84.52526194460461
8747,642,685.356,93.67394216676954
1362,305,415.42596,73.41861755636914
3845,0,-78.407646,-0.0
6135,709,850.48535,83.36416361521512
816,159,228.59375,69.55570745044429
3,107,103.389336,96.50770135469666
1142,258,385.31473,66.95825033326092
1050,223,490.26855,45.48527493103071
3558,230,233.71375,98.41098557753828
474,329,138.52722,37.4984468834127
357,300,401.90384,74.64472115104614
5266,867,1017.1947,85.2344195431604
6405,1300,1408.0297,92.327600339813
3820,114,204.0434,55.870467869581255
2784,380,442.0103,85.97084437958729
8551,848,777.57153,90.9425096226514
6751,511,891.20636,57.33801092694085
6503,59,184.40746,31.994368046474868
2407,119,316.02066,37.65576587594933
3216,664,684.7263,96.97305072060968
6475,1615,1546.8802,95.5963138698314
7927,388,829.0534,46.80036259467662
308,263,317.8397,82.74611614377034
4897,1073,872.08685,76.9617961473435
8200,834,996.2703,83.71221939640235
6861,2012,2144.612,93.81650122246077
5413,1078,868.02893,75.81059087796709
668,319,352.33554,90.53869481957685
2729,916,714.1116,71.72872761411023
364,80,66.606285,79.89121464192364
5017,1068,663.6508,39.07199821948441
8467,759,1057.6925,71.75998662145136
6662,987,1146.8137,86.06454406517379
3046,499,445.60306,88.01692645581238
1835,170,176.71837,96.19826247483576
7756,246,249.57176,98.5688436643946
3970,832,1018.0437,81.72537181284858
8521,159,406.3903,39.12495061613714
6243,483,508.9649,94.89848817844985
4195,2334,2087.199,88.17549124961532
135,412,375.3488,90.23542475020588
6471,580,847.643,68.42503227476985
8228,12,328.52313,3.652710819814425
2989,951,1133.4122,83.90592351269204
4069,1865,1538.3116,78.76318784648188
1210,259,226.61346,85.70846805742782
4269,1729,1726.2223,99.83908735410463
640,269,256.22037,95.01224953485831
6858,3256,2938.425,89.19234127484287
6606,249,465.6066,53.47862361118639
1037,40,51.229935,78.07934997416159
85,391,209.7276,13.56769456288194
7536,707,613.23376,84.70954458854398
204,427,304.8938,59.95123494108557
3649,413,662.1761,62.370117022685676
8269,1094,976.2189,87.93496711655413
3929,2410,1834.6104,68.63695618268736
2229,588,846.68,69.44772583343214
1627,251,205.22775,77.69685302524066
5346,2931,2323.3315,73.84495299991613
3927,2329,1460.6931,40.5551463404891
8079,1251,1343.3733,93.12378088552077
1846,145,149.3751,97.07106029584716
3974,1092,1289.1886,84.70444131743552
1070,304,260.9875,83.51932019011142
2477,123,149.55298,82.24510218440699
5171,941,815.07794,84.5509181842437
2272,718,928.78064,77.3056596304352
5947,1411,1978.3341,71.32263430140709
1402,111,103.341515,92.58914924638502
6878,1097,1555.384,70.52920542979095
1973,63,42.097584,50.347705599744245
3329,1738,1587.2515,90.50254238252728
4916,2262,2359.3184,95.87514932063766
8300,711,1099.9327,64.64031614148992
6411,456,337.95078,65.06910664656789
4582,776,1581.7428,49.059809284671275
430,160,165.13815,96.88857300359788
1430,168,166.79196,99.27572149282062
993,227,259.4922,87.47854884841186
5734,1507,1511.0195,99.73398548682724
6111,820,705.84,83.82636733522804
19,600,389.4567,45.93922588943164
2019,32,97.195816,32.923227875177105
5167,1450,1219.1919,81.0687631287534
8319,1084,1100.5903,98.49259696833509
1766,182,289.70673,62.82215206607739
7258,1071,1044.9866,97.51064478484392
2652,333,483.8786,68.81891434354284
4206,531,564.88525,94.00139166814333
2710,638,519.94885,77.29562304360147
3228,75,159.5728,47.000491405284286
2573,67,49.04796,63.39900329983104
5234,760,519.2065,53.62278275693723
3881,1863,1732.3738,92.45969765507864
2374,521,463.6156,87.622418369542
5930,509,503.4132,98.8902174390107
8194,555,704.09375,78.82473037148817
6356,1808,1666.0441,91.47946111412371
991,203,218.96095,92.71059403163453
78,200,135.4527,52.346979191684426
1556,109,113.24302,96.25317380481788
523,481,354.1137,64.16792446618715
6837,2018,1954.9962,96.77729380395495
1029,184,230.80469,79.72108452086789
4312,1592,1345.0533,81.64038205312671
5406,356,581.5962,61.21085475804482
5736,992,884.25604,87.81529869818094
5760,921,843.5131,90.81379111135006
7799,724,879.52014,82.31761454395257
2947,1779,1616.5884,89.95343383554233
827,264,238.33246,89.23036263466943
5648,1820,1164.6088,43.72434286552817
5815,1091,1144.5286,95.32309056185926
4457,2190,2253.3672,97.18788895784434
3568,1945,1455.1412,66.33599868193636
4107,165,296.5139,55.6466351391449
4986,156,264.21793,59.04217111484284
7010,0,35.366455,0.0
5809,695,604.07117,84.9473310470075
1902,38,88.14146,43.11251647533337
5625,985,793.05927,75.79742860324671
1648,240,160.01884,50.01766473618039
5490,2770,2265.9546,77.755714416545
3517,1084,1084.2001,99.98154646479692
8461,905,893.51514,98.71464256068165
1710,48,129.53125,37.05669481302775
1401,104,200.04018,51.98955623614733
5344,1344,1342.7614,99.90775371523799
1498,168,128.30348,69.06045158843489
3101,91,-11.517078,-790.1309415650122
638,231,264.07285,87.47586280539352
7486,1636,1356.2004,79.36886374556099
3987,166,113.79407,54.12244784118448
981,214,226.26569,94.57907814035468
5162,555,590.5176,93.98534786419488
6354,2528,1917.9312,68.19130619413875
7614,150,331.5615,45.24047671489636
456,142,175.35509,80.97854599053557
2183,190,8.329498,2081.0497506787183
198,76,101.25056,75.06131550533856
912,149,219.59473,67.85226691570499
109,325,276.07254,82.27731752437033
5900,1517,1754.1707,86.4796133879038
1215,406,355.79718,85.89004561547786
4541,299,319.106,93.69927599815043
629,66,9.914426,465.6966424391468
2810,225,250.24075,89.91341224253158
1226,107,159.3055,67.16654637894034
6972,1083,1143.489,94.7101360005517
8706,1536,1144.1052,65.74661430075827
3141,133,68.10524,4.713998133686744
7359,2200,1701.7222,70.71920191143678
2092,46,30.627705,49.809182339380556
3067,518,669.14056,77.4127332724691
8216,148,747.4211,19.8014216690905
4741,1704,1359.5388,74.66338018532608
6089,1006,1016.20245,98.99602155288991
7326,0,43.796524,0.0
4773,2055,2001.7976,97.3422691494449
6261,1886,2048.8506,92.05161239891079
11,360,393.77222,91.42341298947046
8723,623,688.20154,90.52580756107005
4826,576,556.4929,96.49464002509438
4996,110,-32.667244,-336.7287431503066
6141,1851,1791.9651,96.70557688270219
3606,397,382.71893,96.26852354059115
5833,724,713.21216,98.48742878640012
373,296,259.37622,85.88005515787293
6547,1707,569.4634,99.75588654683645
3812,1726,1444.0673,80.47648146853552
905,349,451.1733,77.35386663746402
3465,814,752.30365,91.79900960128732
7250,690,443.69812,44.48886107118045
4264,2242,1813.3301,76.36007216522604
1823,160,128.14484,75.14128195663305
916,46,33.483734,62.619862467473894
1354,96,82.69932,83.91681769517503
5769,519,791.21533,65.59529106540386
5412,1039,822.202,73.63203121856662
6267,425,422.65894,99.44611026616627
1724,132,40.327232,127.32223927218939
4861,1147,1296.842,88.44562126484766
3682,762,881.42505,86.4509127591843
6316,49,-406.25937,-12.061260305971008
4029,18,87.94741,20.466776543592538
6247,475,1127.734,42.119861270304796
3854,0,-81.60567,-0.0
4360,1550,1533.1283,98.89952431595586
2192,617,814.58527,75.74406580467124
8582,719,773.298,92.97838925172265
3658,486,530.14746,91.67260730449776
5614,1346,1630.0498,82.57416406108182
8566,691,719.8371,95.99394122900561
5123,153,-17.178202,-890.663661371314
3633,1024,1014.90564,99.10392060145486
6386,83,149.85995,55.38504271668027
6537,846,857.1606,98.69795885263726
5982,634,491.9613,71.1280754771476
2864,1406,1112.3494,73.60086282750275
7458,2069,2353.167,87.92406178010602
5868,562,569.45465,98.69091404075802
60,333,241.74785,62.25316913825483
8091,0,-44.657555,-0.0
2245,429,447.41815,95.88345895688684
4321,570,650.60474,87.61079779667129
4487,1646,1456.6195,86.99862989097036
731,142,275.7426,51.49729944018804
8265,628,753.06494,83.39254232540587
8317,889,1020.0535,87.15228914402506
3372,1019,1045.5874,97.4571803099241
4223,1209,1216.5544,99.37902956989625
8208,395,603.3505,65.46774780115314
5134,83,63.50374,69.29903327445629
4044,185,284.24622,65.0844196697938
8406,412,408.10138,99.04469310756734
4791,1177,1230.0032,95.6908099949723
7142,1099,1049.4086,95.27434479637958
3312,515,500.2192,97.04513701055014
1315,211,146.97874,56.44182721251477
4785,1263,1202.9323,95.00655594072956
7513,144,646.00995,22.29067838397646
2897,1531,1437.7672,93.51544622012773
6084,759,644.994,82.32449012460938
6897,1201,1080.9169,88.89062302545119
6104,520,1429.1774,36.38456720511869
1389,103,133.80391,76.97831889777743
1441,129,115.955734,88.75065055548062
6414,318,481.02066,66.10942651305332
3519,1227,1346.7407,91.10885112168593
6257,1806,1941.5851,93.01678385385149
267,54,62.720016,86.09691615380329
1612,32,19.759281,38.05078867294867
3054,108,117.91732,91.58959834711673
1827,74,0.5696085,12791.378948971087
5110,16,73.29569,21.829386511707646
6319,608,233.49095,60.39552967465892
5725,653,682.2093,95.71842688187157
1485,229,253.75658,90.24396653051069
1268,181,222.07663,81.50339830647407
4644,1202,1350.6448,88.99453223386328
8318,886,1067.5928,82.99044561225377
157,394,359.09753,90.28050529501887
3670,299,491.5623,60.82647271493743
6697,743,658.1294,87.10426761454733
7730,433,418.4891,96.53255136293156
5297,104,0.27998874,36944.35141842942
5584,883,972.133,90.83119326178672
4571,1200,1042.2711,84.86680873266704
5572,347,367.31384,94.46962232077726
7543,1233,967.5413,72.56358219620915
8049,1011,939.9757,92.44402899063033
3928,2379,1517.2109,43.19912668702338
3165,0,-88.868065,-0.0
214,289,313.0291,92.32368086144767
3224,17,390.08844,4.357986102472944
5321,1603,1713.1562,93.5699823060506
5696,1823,1155.8892,42.28591608614343
2313,566,426.28625,67.22536945142758
3933,1571,985.9737,40.665120195109694
6321,876,883.9497,99.10066070863363
2135,310,262.1739,81.75786650873236
4197,1838,1650.3623,88.63051496149934
8512,967,1095.6681,88.25665437386422
7292,0,-99.69687,-0.0
8662,846,804.7771,94.87772447667386
8306,187,410.52994,45.55088016907215
6187,1301,864.1924,49.45481748335749
6290,352,502.93454,69.98922765247593
5087,919,798.5173,84.91169431992446
1773,253,312.79688,80.88316099705281
6819,261,441.7975,59.076841461039095
5603,499,485.38077,97.19411375962852
1923,42,11.077853,179.134830829037
5347,2328,1887.6686,76.67326638937786
1359,140,111.959335,74.95459883634005
5981,273,306.78043,88.98872836737152
4396,312,206.52188,48.92641964479529
2547,157,90.65721,26.820174873862015
8282,370,309.82703,80.57852656097882
795,67,60.926937,90.03222025352326
4671,2288,1686.5077,64.33503902866494
6864,968,1034.0297,93.614335696243
8124,1145,1072.977,93.28755921048739
1767,228,333.1478,68.43809333448266
8474,190,370.87738,51.229870047585315
2418,776,1385.5981,56.00469393400653
3279,1145,1213.1997,94.37852592314438
7869,1464,1294.7448,86.92751996903046
7777,622,582.89655,93.29152747640175
1481,279,265.95972,95.09689536438917
7242,0,382.62186,0.0
51,117,-11.720343,-998.2643309380968
6669,2212,2079.3435,93.62027035134825
4086,190,545.6123,34.82326156643823
5561,1468,1426.0139,97.05570306763296
6778,928,979.9901,94.69483297311848
561,3,-108.023254,-2.777179799678278
5903,1103,1259.4708,87.5764629028983
2550,109,187.91608,58.004616708300624
2962,664,800.5781,82.94006284520951
7180,222,245.96083,90.25827379855278
3629,166,112.97451,53.064200308013454
8337,990,846.8816,83.10054090330823
7816,1464,1376.9247,93.67610164287967
7035,294,371.61285,79.11459381243836
388,41,-43.606487,-94.02270754399
932,144,116.85058,76.7656933453009
1273,120,218.76518,54.85333572342043
6981,2100,1851.6364,86.58680214825291
5379,377,481.75198,78.2560348064294
4908,1374,1251.1864,90.18422846519012
586,133,73.03752,17.90181605390228
2326,147,545.8377,26.931081890259485
8430,151,310.72098,48.59665448959678
3759,770,899.5826,85.59525458076158
6584,812,1673.0026,48.53549048440388
299,251,228.06363,89.94299488478079
6131,677,808.68964,83.71567653020615
5422,1682,1765.7911,95.25475375277533
4480,1434,1694.4939,84.62703837264739
2373,537,538.8306,99.66025920796321
3919,220,621.38025,35.40505195421845
7537,541,505.68787,93.01700986941759
2596,9,-36.934326,-24.367575999947118
699,127,73.70183,27.684056907039434
5693,306,238.86,71.89148487897194
3058,453,384.26086,82.11133577837677
2912,342,851.803,40.15012962222537
1318,121,77.88161,44.63597430197083
3747,43,-33.323368,-129.03857709231082
1790,300,366.093,81.9463935675949
1271,139,67.39744,6.239293396123145
105,462,245.77844,12.025824754633533
3398,1511,1269.5745,80.98374343796375
4370,554,475.96185,83.60411733077
6582,362,382.01224,94.76136218116044
6682,847,952.93726,88.88308173408133
380,143,242.42787,58.98661692436935
4287,1258,1402.656,89.68699344279017
4854,709,690.3579,97.29964854903585
4755,491,507.45593,96.75717011873
2412,666,574.28955,84.03062547560036
7856,2108,1194.5931,23.538246618394822
6833,2171,2189.739,99.14423529220258
4593,786,911.62805,86.2193740620887
7109,106,131.5793,80.55978414462133
7120,1502,1632.0007,92.0342724216211
2801,960,1407.1343,68.22376623588431
5779,1486,1783.1699,83.33473898199638
5388,1013,1109.4945,91.30284050606784
4936,1471,1388.4714,94.05615683979703
8215,174,580.4721,29.975600536462245
6525,22,279.40173,7.873966897917259
1445,47,5.87522,599.9700679209842
5778,1141,1944.0823,58.69093167729944
1900,37,19.471039,9.974186045418122
6136,901,926.50525,97.24715547479944
5805,1875,1724.8872,91.29724005390977
3730,877,842.50366,95.90549697976903
6051,346,352.72827,98.09250575349104
3196,112,277.06885,40.423165919740875
4320,507,776.7188,65.27458750796907
5195,890,937.1554,94.96824158150841
5885,266,219.47424,78.80126790041675
530,312,212.38191,53.094834337872015
2398,421,438.84314,95.93405068090345
2750,882,611.2211,55.69870605348558
4446,742,550.2221,65.14536754344698
1753,69,130.47025,52.88562139889395
1989,345,357.20215,96.58396555259381
643,315,247.31503,72.63208538874353
3505,546,527.4241,96.47799015798057
7110,144,171.54321,83.94386322460545
4441,596,713.2893,83.55655895179169
4728,1217,792.3388,46.404089948611414
5995,1898,1933.0448,98.18706737638836
5038,1239,1014.32404,77.84968545946927
7170,1885,2332.4922,80.81484731661078
5181,2274,2085.093,90.94011725955065
7613,110,175.51826,62.671540277489804
3909,25,227.20682,11.00319095223941
7117,1031,1196.7454,86.15032347865682
379,173,272.73785,63.430872341439716
5316,1035,884.1318,82.93600237200837
3339,206,156.95164,68.74938447788608
3382,1183,1595.7284,74.13542334511686
3459,35,-35.839046,-97.65884820964703
4886,1087,1067.0267,98.12813812659141
1733,19,35.19957,53.9779325735346
2809,337,417.1591,80.78452791399579
6347,710,635.6156,88.29726656402205
6081,672,875.73315,76.73570387312193
5923,1277,2004.8503,63.695527460442314
6912,906,910.5125,99.50439866047604
4170,3123,2447.1326,72.38124977864419
1636,34,-8.53318,-398.4446484946726
4266,2267,2542.7913,89.15399529133802
8752,837,901.7929,92.81510120998513
114,789,545.9371,55.47784911913098
251,226,217.15608,95.92739113775521
6937,764,621.3831,77.04847810193776
5846,475,390.3704,78.32068980586331
5818,582,504.90765,84.73139679902113
1808,606,509.08716,80.96340867466805
1162,188,126.94017,51.89873341642675
5361,982,1054.7609,93.10167197860426
2970,2134,1920.3842,88.87640037333331
3972,1058,1160.492,91.16823309753596
3512,1933,1257.0452,46.22668681612251
3239,503,312.48907,39.034372490756994
5397,1924,1806.8324,93.51530320666637
2075,244,225.9983,92.03458909832372
2288,997,862.12054,84.35491922361959
7626,1662,1940.4849,85.64869695451537
4479,1250,1413.1042,88.45773422079016
4689,175,151.76515,84.6902614205535
29,79,72.58528,91.16250773342325
2251,289,610.1932,47.36205045209232
2883,264,49.09283,337.7567283486841
6875,972,1089.5798,89.20869950810221
8597,95,228.59184,41.55878831813241
6109,704,689.8934,97.95524511481824
1647,221,239.66838,92.2107452472979
8384,1686,1186.6346,57.91751410953151
2973,1223,1012.1845,79.17222711962175
2278,466,458.23816,98.30615572605141
3307,1356,1557.6942,87.05174532513321
7140,754,881.20984,85.5641830973292
6262,1681,1981.3396,84.84158901035504
387,100,8.009936,1048.4493739572454
5011,2487,2191.345,86.50805631931107
3836,1979,1739.5433,86.2345099299041
6344,1990,1378.6646,55.65741870476589
2642,147,176.75092,83.16788603975223
1398,30,69.14579,43.38658934487702
7371,0,-125.62515,-0.0
1308,121,142.81558,84.72464843974537
7520,2082,1323.9948,42.74862128687883
1538,123,177.22438,69.40354349538515
5246,1430,1299.6105,89.9670301976939
7127,768,876.07367,87.66386056283754
8383,883,821.4014,92.50079563282105
8703,798,851.1966,93.75037510742324
3621,1711,1580.5316,91.74528478577109
4855,1543,1154.0518,66.29715785670223
8428,195,170.42772,85.58199275844692
6879,1200,1473.0903,81.46139947475694
7470,503,454.67206,89.37081330752883
6905,2059,2036.7268,98.90642214327643
7617,775,910.185,85.147525182111
1549,229,210.67958,91.30413149121787
6168,1034,1061.3453,97.4235212646648
2306,134,151.88422,88.22509886593012
2154,11,-114.70798,-9.589568449732372
4006,399,697.1969,57.22917017206003
1571,115,116.59797,98.62950524085063
1929,347,285.51398,78.464794058652
4415,1490,1450.637,97.28649978482984
4023,186,-31.04675,-599.0965408684094
6924,1284,908.50745,58.66929266846472
6721,345,762.30383,45.25754496586195
1605,177,155.29144,86.020764101647
348,309,244.95357,73.8536437139906
1873,71,125.43833,56.601518126165615
1671,286,326.71332,87.53851904893655
8241,0,-108.200485,-0.0
3758,384,735.2945,52.22397322501373
195,169,68.52231,46.635007007850504
4484,2346,2344.6794,99.94367858496116
6442,681,861.9555,79.00639832990129
1476,160,125.06435,72.0658567239008
786,675,484.92578,60.803441248258025
3453,82,134.7712,60.8438623177371
202,273,222.09195,77.07793971810959
1238,340,375.2357,90.60971851756906
2368,686,808.14606,84.88564584935877
5877,1535,1332.1859,84.77584210117833
3483,206,231.27924,89.06982040646783
2508,204,-23.00513,-886.7587063897017
3588,1375,998.8708,62.344557901961906
6852,1165,1249.6218,93.22820517379184
1216,352,265.8069,67.57303133424264
3814,1283,1184.7659,91.70856171518263
3792,712,806.3382,88.3004183242128
7825,547,559.216,97.81551254912169
8608,436,307.5068,58.21452003164231
5238,396,573.9323,68.99768347454783
3050,123,167.78645,73.30746768863337
5777,895,1285.7654,69.6083448289612
4960,1407,1574.882,89.34002912699698
4926,258,404.21765,63.826999916348335
7001,0,188.72058,0.0
1108,51,56.510063,90.24941247247325
1927,349,264.96466,68.28432170877002
6330,2830,2300.356,76.97556148430662
3290,237,342.47025,69.20309230074857
6720,556,540.80676,97.19063474188705
7737,1191,1020.5135,83.29404627115412
1386,162,428.05505,37.84559920402141
7590,209,461.07233,45.32911387545672
2139,116,69.638954,33.42656219512503
1143,278,579.9929,47.931619585536765
4183,1390,1042.0425,66.60812528729869
5485,763,801.4279,95.20506877258799
189,336,353.69327,94.99756726182397
3656,555,823.7855,67.37190504902533
5679,781,818.35956,95.43482351547803
5789,273,270.25067,98.98267464085333
4053,1263,1265.004,99.8415792933898
3801,1128,985.4805,85.53807346697005
6177,563,625.29956,90.03684562125888
1764,202,191.2872,94.39962578765906
4999,1084,724.70624,50.422151284190704
2101,444,544.97095,81.47223301127453
1535,178,222.84183,79.87728429744891
8558,692,838.8915,82.48981148537753
3829,1188,1451.329,81.85601037303583
2525,85,102.27378,83.11025496095591
1301,34,-30.374699,-111.9352669278478
7435,1761,1711.2,97.0897586343419
4249,799,736.8451,91.5647253627468
7593,853,1074.5896,79.37914160997602
3855,0,-58.713104,-0.0
2096,786,558.52844,59.273057492517154
2957,163,156.39818,95.77883708135771
7111,261,526.1944,49.60144036151014
7757,154,204.7837,75.20129531198249
3500,1651,1593.3429,96.38137499123742
6339,346,452.88956,76.39831714822188
7260,1495,1320.2601,86.76473946682981
3152,0,367.8601,0.0
6351,842,765.63763,90.02630457230178
1291,248,211.20308,82.57746955601691
451,276,270.94916,98.13587082988022
2463,815,1074.1793,75.87187575180316
4614,807,575.0784,59.67131478860571
7693,1115,1193.1237,93.45217431962062
4953,1293,1221.1196,94.11356845044472
4018,141,-128.99756,-109.30439423590109
8554,603,674.178,89.44225697310057
5290,217,784.96814,27.644434090941257
1683,78,63.821102,77.78337041869914
5172,1021,995.5071,97.43920254993321
929,385,398.6375,96.5789691663667
1176,211,231.95541,90.96575782673078
1574,177,224.20421,78.94588655745653
3064,897,643.7552,60.661317106724624
4375,1421,942.3681,49.20966706798987
6665,1993,2033.4913,98.00877769427616
5398,1879,1670.9089,87.5462354634534
7538,341,401.3977,84.9531513723105
572,116,198.58597,58.41298917440737
8562,1591,1297.6232,77.39121510190516
6210,2481,2401.3037,96.6811241452092
2515,606,307.41162,2.870171972063872
2668,75,18.336863,209.0121728178783
3405,1491,1674.7642,89.02746043125825
877,356,311.42487,85.68671317432926
4800,1055,1056.1522,99.8909038246537
5785,575,652.0868,88.17844603834408
7870,1281,1142.1882,87.8468571433457
4628,1280,1234.6698,96.32855681717626
6258,1979,2531.095,78.18750473239825
5716,218,328.27173,66.40839922028914
6170,676,601.70593,87.65276136473142
8720,1635,1059.7787,45.722505954186175
4705,717,791.3255,90.60746804666104
6628,153,267.0756,57.28715186242227
1729,95,158.1134,60.08345782523268
5186,568,602.8982,94.21159430501513
4707,154,76.70199,0.777064028456607
8205,1062,1192.8635,89.02946375631937
2013,393,410.529,95.73014523854586
3507,239,239.4206,99.82432870289524
6263,1342,1398.2968,95.97390519489261
5475,372,369.7607,99.3943952779718
2121,455,297.79703,47.21136954071406
6496,60,-74.70717,-80.31357785494266
5515,2281,2220.8613,97.29210144220157
8758,712,796.82916,89.35415938830428
5150,1001,1131.2856,88.48339982381425
4063,436,967.777,45.05170200563091
7800,623,792.65155,78.59695723420151
4805,317,405.26462,78.2204974189574
679,289,308.687,93.62233881848998
2090,80,143.18121,55.87325188276814
5566,1782,1811.3837,98.3778330605697
2908,147,146.85904,99.90401633156196
2997,1256,1048.7927,80.24325774496579
3616,1344,1439.4644,93.36806395336808
7875,266,292.46988,90.94953667458536
2872,1156,1275.6104,90.62328465616567
4911,1589,1456.8663,90.9302820719738
5651,620,537.63086,84.67923870278675
7130,302,287.2025,94.84771734339583
4167,1332,1414.7845,94.14861109852833
7081,875,724.39386,79.20935716308482
5539,2245,2206.4812,98.25428837518908
3446,17,59.212063,28.71036607384046
8458,583,712.0591,81.87522843426271
990,82,89.7034,91.41236598885283
3107,644,592.9318,91.38717568771524
5012,2274,2092.7656,91.3399583386219
6609,721,1140.2347,63.23259360035749
2319,620,789.2973,78.55088294812025
7885,1154,1229.0812,93.89127600539219
8699,608,669.82947,90.7693717956358
5780,1697,1904.2539,89.11626723885053
7619,1056,860.8943,77.33685589368568
1936,403,408.10532,98.74901993188409
1330,105,77.3186,64.1982715339899
7833,1026,985.64014,95.90521309170606
1830,39,-113.15194,-34.46693022632044
7702,1278,1200.1061,93.50941368810068
7024,0,81.726814,0.0
3333,1209,1211.3751,99.80393174442503
2243,273,286.9402,95.14177997748673
7987,1377,1119.9186,77.04463291387869
3100,43,-34.309807,-125.32859838271935
525,309,385.23224,80.21135535981507
4189,1078,1234.866,87.29692363262951
4556,2476,2236.9631,89.31422420336759
2457,616,550.82043,88.1668214650509
1950,164,150.89523,91.31532085423603
2512,214,172.92615,76.24774902919715
7097,2045,2272.404,89.99279848754271
6199,1105,830.5835,66.96099727518833
5770,473,529.25525,89.37086611285619
3986,145,69.5649,8.438441234606984
3298,731,795.43726,91.89914033008696
7736,2113,1324.3622,40.45149976841557
3448,41,-39.923927,-102.6953077150778
2018,62,91.18762,67.9916841698025
6718,1641,1672.1191,98.1389399912396
3914,189,92.82029,3.6192741806954416
5700,600,754.4605,79.52702518493327
2250,436,869.4228,50.14821382075188
8024,1907,1395.0823,63.30555311040439
899,214,273.08185,78.36478383826464
5177,1856,1728.1083,92.59932231204486
6920,829,1198.9055,69.14639959908095
4442,351,551.2347,63.675238990418904
7789,1519,1320.3942,84.958594924186
564,4,-195.35231,-2.047582645068673
1077,213,387.90903,54.90978170644756
1702,263,356.11,73.85358760450328
3641,1898,1761.0642,92.22425904081048
984,98,173.9014,56.35377362877762
2968,1173,1114.2194,94.72450024294221
4548,1256,1287.9674,97.51799563815055
7939,864,1083.6277,79.73218214371892
666,552,489.07776,87.13451182758125
452,225,245.5018,91.64902233211508
1463,62,137.01122,45.251770013855406
8640,387,412.38422,93.84452282489922
5740,340,300.76773,86.95595794332071
2860,115,176.41847,65.18591761237757
404,166,261.59982,63.455700427304706
163,507,364.4186,60.87428396429223
5317,1074,948.45233,86.76289105085684
7003,0,249.27957,0.0
1840,273,246.7809,89.37555497475333
4363,2534,2785.8901,90.95836072647758
43,385,462.88565,83.17388959282724
2875,1268,1381.1974,91.80440183975475
3600,569,659.9305,86.22120305381806
6046,1494,1424.44,95.11667311679857
7697,1896,1776.592,93.27881943475819
5605,569,348.0198,36.503558033106685
2746,359,378.4465,94.86149229876618
7689,1200,948.3903,73.46981776211967
4940,2387,2224.8743,92.71303844965783
4080,986,762.94824,70.76449679299694
4213,1106,1197.7084,92.34301303952954
1849,77,161.59892,47.648832491843905
7881,1168,914.6093,72.29519947301823
5844,569,646.72327,87.98199003880175
293,68,47.99207,58.309922721333294
2586,365,1281.4935,28.48239116135986
5645,306,240.19612,72.60410432479307
4499,1152,1118.7943,97.0320113237484
269,65,21.377687,104.05533872260736
7059,28,77.20549,36.26685091859481
1909,337,311.62762,91.85811093351029
2030,312,399.23993,78.14849597478852
7602,1695,2055.5176,82.46098296790746
2862,284,289.04776,98.25365883838883
6946,813,821.19025,99.00263713358495
5399,1439,1118.8457,71.38530398063014
7424,6,289.2839,2.074087045870166
168,233,228.45332,98.00980061537878
8274,1226,1660.3453,73.84006042252982
1997,75,29.953672,50.38666035928517
7074,2235,2134.086,95.27132151865369
2960,1677,1067.2378,42.86538472976429
5759,1039,1016.12573,97.7488742929868
7056,809,876.6376,92.28443141080135
7460,1519,1544.8551,98.32637361934022
7724,1528,1415.055,92.01833554158421
5615,1030,1133.7313,90.85044920999961
382,155,219.50566,70.61321301978384
7571,959,1031.3524,92.98470476239397
7514,55,92.24711,59.622465049040976
4840,1600,1714.5864,93.3169641344245
2531,557,565.0434,98.57649942409921
5364,991,880.4162,87.43959942706763
4922,1254,428.1821,92.86605038347773
1129,183,194.1191,94.27202416263938
3002,220,266.43387,82.5720848908511
3008,207,324.71796,63.74762954404354
7276,0,-162.29634,-0.0
8527,788,737.5618,93.16149922216697
8271,1229,1171.1188,95.05761269902817
1940,417,345.36545,79.25833275529108
5165,316,419.78992,75.27574798941178
2727,1025,784.95215,69.41879170082771
272,580,415.7709,60.500099053279655
8017,324,413.02747,78.44514634311417
3718,1256,1156.1418,91.36281117511625
5621,310,343.5755,90.22762087501451
3596,1485,1461.6614,98.40328112825112
2413,843,555.20905,48.16529792355229
485,49,20.423077,39.924673880376645
4417,902,508.57187,22.640602997332763
1759,236,239.86281,98.3895760013471
4613,324,331.39664,97.76804103062793
7342,0,93.66022,0.0
2448,309,332.94717,92.80751544475703
8295,832,890.0211,93.48092792632285
4034,48,166.55275,28.81969832713113
6947,1014,1008.7596,99.48050877817884
7665,1177,976.71497,79.49401399706471
3047,312,185.83463,32.108790495791965
7847,876,789.2849,89.0134618614617
5309,174,267.83972,64.96422521230384
5527,1315,1185.0463,89.03386819331351
6530,80,327.69064,24.41326953732559
6058,683,688.2224,99.24117378081768
42,489,615.82196,79.40606724113786
6492,25,112.564606,22.209467924371772
4997,162,190.45448,85.05969374981223
4327,1150,935.021,77.00810946445367
5884,236,102.63273,29.946142203286456
6371,711,554.2492,71.7183549193085
4769,2330,2147.1404,91.48357411696402
1922,59,104.69575,56.35376935454522
7715,917,899.83936,98.0929213167932
7089,810,1034.4288,78.30408184241733
4185,1226,981.41425,75.07823475258017
5421,2011,1898.6405,94.08210786102282
7936,1308,1098.875,80.96917301785918
3704,2041,1536.8336,67.1944720705533
6251,857,1075.0392,79.71802444973561
2428,47,43.13859,91.04883104539823
5407,537,921.7383,58.2594876358782
1741,212,321.6363,65.91295994886984
5,100,119.22711,83.8735405701906
5988,770,716.016,92.46050235585327
6902,1199,1175.2354,97.97788175739402
4492,332,258.49557,71.56453256009794
7148,1227,1240.9265,98.87773260395035
4732,317,299.30194,94.08688796746499
1417,62,137.93604,44.94837040209846
5905,872,652.50507,66.36119080957056
145,218,215.04333,98.62508408381987
8098,0,-135.95058,-0.0
6265,844,699.46594,79.33651249340099
459,71,52.656254,65.16321451606441
7365,1594,1495.7483,93.43126717412717
717,64,35.907753,21.765511151490244
5840,1550,1363.7906,86.34619245512935
1464,69,212.96263,32.40005047031469
4858,922,1032.7859,89.27310201591332
6329,1663,1676.4813,99.19585604353077
2175,458,464.07327,98.69131168238216
5127,619,589.829,95.05432565674761
231,180,345.61346,52.08130427895229
4559,1672,1323.8777,73.70434457399888
3447,14,-124.60551,-11.235458487059962
6221,304,464.27658,65.47821117086467
4100,1846,1806.2384,97.79865179443668
6818,435,555.4301,78.31768362053137
3045,447,448.6668,99.62849735075311
3692,1401,1476.3567,94.89576672145274
5586,1202,2280.1814,52.71510423921823
3717,1298,1275.4265,98.23012254440772
2874,1935,1999.034,96.7967500416919
7029,0,-522.88007,-0.0
1580,98,141.16568,69.42197285307337
1325,34,-20.06889,-169.41644828043053
664,390,245.30142,41.01192865870112
7175,1042,1035.3958,99.36215229448094
968,387,396.49146,97.60613880663462
886,218,283.24286,76.9657532962509
8587,1007,931.5841,91.90455343399371
1515,65,100.66968,64.56760512485964
6714,2497,2407.4316,96.27950559992861
6165,1684,1609.821,95.392099307428
6154,615,676.26,90.94135260388143
1786,200,229.46696,87.15851549375739
1111,318,296.98096,92.92242735734122
1460,72,-30.118376,-239.05671584096035
7957,916,729.8501,74.49477599009322
5157,2264,1972.7457,85.23609665477426
2325,411,657.91815,62.46977664940431
621,220,206.42487,93.42369232998182
8292,769,800.4171,96.0749072329689
8052,926,1047.3739,88.41159769125883
6077,263,291.01126,90.37450960097242
4693,1056,1307.7773,80.74769035009902
7028,0,133.14995,0.0
5256,1208,882.9511,63.18608299263852
7157,105,216.72417,48.44868088150341
5826,2092,2119.4814,98.70338825691167
1370,75,65.09594,84.78544066017717
5484,803,912.1219,88.03647969229544
4724,2441,2278.2705,92.85732349914207
5356,159,340.32208,46.72044753101642
3968,2059,1582.5546,69.89390160831829
976,196,219.6319,89.24022544157218
8372,1269,1271.122,99.8330649356561
2284,79,25.928663,104.68211657024119
982,165,255.46657,64.58770761911013
6052,214,240.06033,89.14425682122096
6585,925,1188.6486,77.81946922430802
5205,2063,1973.2528,95.45181478843618
2766,227,27.098455,637.6861205027382
6540,768,798.6569,96.16144046764302
1285,189,161.68477,83.10587228049222
4573,1583,1308.8241,79.05173781443509
6781,1432,1328.7471,92.22930142278946
3738,1929,2631.8225,73.29521625574156
2572,106,32.88479,122.33748426724509
8475,133,284.5645,46.738083415821144
5325,1352,1295.3027,95.62285602273842
2359,574,412.75092,60.93307648593844
2556,933,815.7689,85.62937664106505
8576,1516,1078.5626,59.44256096229054
4574,1744,1426.8223,77.77034028579133
5731,1657,1920.6688,86.27203086489939
5913,598,719.18884,83.1492320840112
5663,1193,1115.4548,93.04811242436095
4435,2514,2546.524,98.72281090894239
22,398,382.568,95.9662054558444
4318,1121,928.5402,79.272865812676
1345,93,92.23962,99.17564313937658
6874,915,1105.3873,82.77641473814381
102,172,140.74603,77.79406873337749
8465,1039,1124.6996,92.3802243632984
6784,2099,1618.6406,70.32328439180253
7416,0,23.871157,0.0
1212,325,364.36072,89.19732126614365
4401,1005,1098.5149,91.48715295441711
6832,1527,1701.5253,89.74301047536409
4882,902,1033.0922,87.3107000740037
6047,1075,1006.51184,93.1954939423396
2137,229,255.52945,89.6178504987765
2777,925,1402.1797,65.9687205745519
6881,2021,2086.2249,96.87354632911641
5709,1868,1533.4395,78.18234386801525
7677,1618,1283.7151,73.95957130497972
2211,149,-0.56146383,-26537.773455912014
5719,1111,1155.7751,96.12596389353313
3272,1713,894.56525,8.510334316579247
6761,2167,2166.1106,99.9589400329494
1206,50,129.92023,38.48515441745399
6785,2201,2114.1614,95.89252627573659
2086,230,224.93593,97.74866038852075
3937,377,325.3424,84.12208441752136
8588,767,877.11707,87.44556801254998
2171,239,320.77573,74.506884527416
1015,189,221.2376,85.42851875508612
375,291,255.09651,85.92552759734191
2393,829,757.15466,90.51114119521601
1986,784,646.47455,78.72685753625976
2623,677,543.5459,75.4475009477336
2080,688,427.99097,39.24894369872868
5097,9,127.01222,7.085932233708996
1458,100,8.996502,911.5431404367152
351,342,276.08606,76.12558180870381
909,236,352.0664,67.03280852999589
5592,1088,820.8002,67.44642136111048
1992,195,221.74669,87.9381789273355
3104,1163,722.31793,38.9905679660672
6145,681,726.0654,93.79319991768563
2868,939,1136.4363,82.6267180224983
7229,0,-158.45537,-0.0
5590,1588,1729.009,91.84451726421031
1090,212,162.79698,69.77645553316162
1492,37,-10.108485,-366.029124917508
3715,1890,1694.7819,88.48122320544888
1832,112,205.75275,54.43426727494347
2943,993,1433.335,69.27899109852936
3035,598,577.0849,96.37573256531309
6059,697,738.95325,94.32261144576572
1552,205,180.207,86.24193335064064
4242,2020,2673.7869,75.54828046561347
1218,283,681.66797,41.5158131192445
3283,1719,1505.922,85.85066136597919
5975,969,434.88608,22.816974211224476
1548,192,157.22813,77.8844504951086
753,121,74.07733,36.65718313595889
535,99,255.54276,38.74107092209169
8750,761,853.93677,89.11666869179253
5260,277,261.377,94.02281570548858
5925,1377,1727.3639,79.71684522844141
5763,403,243.65138,34.59974823297463
595,184,174.36919,94.47676863246677
6233,1666,1693.6296,98.36861389048778
6325,827,990.1526,83.52248028375125
5793,866,775.81055,88.37480961192301
4941,2153,1869.6205,84.84293902864933
2431,662,415.95288,40.847357846811406
822,120,157.75392,76.06783961520371
2354,155,176.18326,87.97657717861564
2506,27,26.84706,99.430325874061
4589,138,290.3651,47.52637081799038
2054,454,432.0778,94.92632779654373
6237,2008,2153.787,93.23112722049369
3545,1877,1682.1562,88.41702428059224
8302,690,910.024,75.82217721687427
2739,139,75.04446,14.776458493688693
1457,53,192.12386,27.58637121715787
613,262,223.79707,82.92965763070453
5151,1069,1159.654,92.18266408670588
4567,616,1404.1083,43.87126052655715
7742,1221,1330.6932,91.75668484444465
5612,1688,1666.294,98.69734540243864
2375,309,229.44089,65.32478869279157
2453,97,92.43237,95.05841210978254
7411,55,166.09793,33.11299526686861
2788,95,17.9084,330.47733029124333
7982,838,1005.011,83.3821730707332
5562,2419,2161.2905,88.07613000677989
4641,1317,1185.9825,88.95283436307231
852,362,348.4138,96.10055266688464
3556,166,177.11333,93.72530163994224
5787,253,314.6211,80.41418869423786
6949,754,1146.4573,65.76782372837178
4400,898,1747.8218,51.37823613599405
2495,587,921.2351,63.718804816584814
8113,517,504.39215,97.50038752603018
2857,401,429.75754,93.30842735505824
3637,1493,1466.6537,98.20364454685864
5128,839,679.5001,76.52688016541917
6971,954,1067.4487,89.3719738259531
6054,645,467.66568,62.08096345785293
3861,0,-236.19298,-0.0
3236,640,669.6911,95.5664483182481
4536,926,793.03845,83.23390908834828
1933,332,361.41415,91.8613718574944
3891,358,260.05722,62.33798878256374
8400,683,520.21576,68.70832191843101
333,316,304.74097,96.30537589958172
1779,70,63.53642,89.82696665061809
7586,512,452.9399,86.96072311325982
600,178,211.08939,84.32446717691847
4615,1629,1153.3939,58.76464488983186
5233,1079,730.3744,52.26754726170341
8033,1462,1393.4326,95.07924660534384
2286,214,152.99117,60.122641869802294
4148,30,237.19807,12.647657483464311
3105,682,206.69812,129.9497835845532
1101,334,391.7663,85.25490913345524
3051,122,30.362429,201.81238907277168
7346,685,570.9242,80.0190976672922
2363,444,472.09436,94.04899471142994
3309,1320,1011.6677,69.52237697316298
2487,1025,1255.5665,81.6364546903968
1282,132,97.93856,65.2216253279679
4527,1171,1303.0275,89.86763753769415
8057,1569,1469.5051,93.22936196533264
2841,757,616.94653,77.29892960582316
2302,514,493.12106,95.76596127719303
188,384,348.22876,89.72766055898119
2257,23,203.00185,11.329946213633582
7675,1867,1490.9825,74.78055946518987
7820,1593,1469.2207,91.57517338193477
3760,1482,1271.9406,83.48512059373476
6439,381,563.6627,67.5936134617571
7915,1228,1264.3665,97.12374091134221
6223,1271,1034.0338,77.08332324967935
5286,486,618.0991,78.62816551817845
7426,2,-43.088715,-4.641586593112553
4162,871,786.24036,89.21962694233909
2915,737,767.1576,96.06891816524798
152,754,344.999,18.551362604995177
5683,2039,1977.7183,96.90139189856129
685,370,319.02234,84.0206609625431
1207,101,289.55447,34.88117404910835
1500,240,225.89142,93.75426404449603
7841,1604,1282.1929,74.90181577505273
2141,62,52.137634,81.08397924195438
3932,1714,1282.7184,66.37752903042045
4777,547,747.8925,73.13885184042954
3264,401,458.1979,87.51676826029495
128,802,476.93835,31.84409631850292
6482,482,569.81525,84.58882118216728
5153,1783,1861.083,95.80443174835722
4704,986,840.2974,82.660594752849
697,234,228.2754,97.49224227899293
8244,0,-53.000282,-0.0
303,240,278.98874,86.02497751288763
5717,295,295.23306,99.92105804750513
7020,0,54.42819,0.0
1910,372,283.4099,68.74135868034287
4713,1170,1135.5834,96.96925591164455
8303,554,653.83405,84.73098087947845
6403,948,1107.5304,85.59584493979811
614,271,281.50116,96.26958564563112
151,367,222.1079,34.76499105561717
7266,2397,2841.8247,84.34721515614022
979,259,234.37468,89.49318224979343
5842,540,466.0451,84.13138680586923
5322,1665,1849.9917,90.00040382360245
5237,273,316.73196,86.19275315832766
7623,1948,1417.419,62.567097297368036
2198,450,386.39734,83.53957060903205
4124,2167,1769.5895,77.54221939578836
227,58,-45.7365,-126.813377217108
1217,377,428.49408,87.98254584074205
1896,99,172.48483,57.39635097982425
4430,1399,1311.26,93.3087267528232
6449,1399,1957.9963,71.45059328901304
2116,62,51.505795,79.62519446286774
6107,526,564.20905,93.22785663913278
5883,327,358.2215,91.28430401862228
8070,403,426.02692,94.59496205242817
6425,1797,1848.6094,97.20820549230417
3688,911,1181.5475,77.10227572689871
2574,73,154.67648,47.19528044038805
7886,1192,1246.2682,95.64554491735042
1778,106,119.88097,88.42104244895226
234,210,499.25766,42.06244928459765
2434,406,424.8406,95.56525285182424
946,190,111.941505,30.268496688032656
531,230,131.78932,25.47903222725165
2907,221,114.779205,7.456412178932396
1822,218,234.50081,92.96343206397347
8152,1318,1388.0878,94.95076823364961
6853,1066,1200.0712,88.82806531147496
2923,1066,1249.0342,85.34594307633007
574,110,158.4246,69.43365841513352
483,79,42.255146,13.04052304008701
8616,420,284.22644,52.230496443239815
5878,1375,1357.4238,98.70518171916301
2098,289,237.37093,78.24962181016733
8670,317,355.72018,89.11498811923812
6580,338,205.45403,35.486309135004404
651,86,44.598167,7.166964527502955
1442,84,107.78426,77.93345446352535
4114,962,1031.5669,93.2561916342942
1372,36,-11.643404,-309.1879314544671
4037,29,-85.69295,-33.841758142355744
2157,10,-131.28922,-7.616771867594434
5292,71,623.1884,11.39302307792734
1692,260,314.79575,82.59323813232612
3346,139,616.53613,22.545312853913863
3457,157,381.48483,41.154978262860794
2994,2402,2016.433,80.87875869042078
4102,1325,1579.653,83.87918349784633
1073,302,435.17258,69.39775528787877
950,265,267.73904,98.97697244802481
3581,138,136.43866,98.8556466797381
2333,17,17.237537,98.62197610516436
8393,1416,1408.6714,99.47974997218331
113,529,427.29144,76.19691224202916
4636,144,299.74838,48.04029258345037
230,235,-27.518328,-853.9763115360918
6410,708,472.17593,50.05589034466263
7917,542,1120.6221,48.36599370641132
1094,306,429.95248,71.1706551989281
3038,572,590.59845,96.85091457380949
2052,363,335.58347,91.83018913737125
3767,1016,810.7215,74.67952875513792
3945,1106,751.59344,52.84597575772244
6722,259,365.31683,70.89736257739939
1234,189,161.98888,83.32532191897535
6508,128,61.905186,6.76781525446674
3683,794,935.58704,84.86650299067277
6620,1838,1742.4412,94.51580690535668
1591,227,246.38417,92.13254224475791
3245,65,-58.414864,-111.27304937352356
3755,10,-85.31385,-11.721426184356163
6437,188,156.55183,79.91197862800385
3159,0,12.225661,0.0
8645,115,157.0817,73.21031237438687
6331,2364,2101.794,87.52465458032734
5262,267,554.1953,48.177960725714364
1475,144,74.655754,7.114666837808102
1566,23,63.16937,36.41005198777183
5752,706,664.9165,93.82125487149247
5582,682,424.6588,39.4004837868176
1567,34,207.09004,16.417979180882668
4152,32,238.22365,13.432755420832072
5005,1234,1029.5819,80.1455242173805
7645,1058,1200.3107,88.1438470366711
4046,697,712.89844,97.76988745328819
4990,443,651.46533,68.00054864297059
1378,96,43.071377,22.885840043086034
3570,1882,2286.5579,82.30712337656999
8177,0,57.397545,0.0
8572,109,223.3143,48.81012982054271
6285,1821,1818.0925,99.84008125789674
291,79,73.76194,92.89869545542699
1928,646,551.9549,82.96145104807144
1582,78,178.28911,43.74916715556828
1969,162,202.68599,79.92659013858754
843,67,73.57632,91.06191079341691
7002,0,696.07745,0.0
7370,0,-45.93483,-0.0
5487,878,930.8469,94.322705218728
8313,931,881.74634,94.41407806385644
8074,751,889.05383,84.47182522786566
2796,586,715.2546,81.92887096734279
5817,860,814.8812,94.46314714373005
4203,286,336.0283,85.1118815545399
2542,660,591.9631,88.50655905937307
514,248,148.8828,33.42602060451259
5569,945,739.6177,72.23128503495985
7386,0,504.62708,0.0
8347,1529,1346.8533,86.47612680816523
7294,0,95.5486,0.0
4670,2088,1410.3699,51.95372930866603
830,262,340.97073,76.8394393269661
2735,354,268.37393,68.09449132637798
868,61,41.911087,54.45378701962545
5122,27,88.31558,30.572181379959744
2816,1353,923.7479,53.53147068924983
4459,2788,2429.8984,85.26269423554868
4640,2495,2027.7125,76.95494455157213
2299,833,685.1818,78.42643059841605
6163,1972,1862.26,94.10716067257512
5362,746,556.1863,65.87227557229826
796,43,53.33884,80.61667559571254
6311,1241,947.5208,69.02662369113065
5790,668,574.6393,83.75316121590375
1493,51,-0.5348971,-9534.544316723579
1382,193,170.45772,86.77544062961653
2089,122,212.17958,57.49846408600514
7835,81,774.95905,10.452165244052322
5706,2367,2146.2847,89.71639991072873
4177,578,566.0734,97.89310464435621
7566,412,486.97055,84.60470546844778
3604,132,209.65256,62.96131163576736
8619,184,148.306,75.93219404278997
2889,642,664.6883,96.58662659168708
6143,1086,1214.6187,89.41077908728265
5803,2016,1815.2454,88.9406334290262
5974,1371,1418.8933,96.62460100482004
2285,80,41.19163,5.7857932741928835
2606,326,589.6676,55.285384273490614
2917,1156,985.1864,82.66179898588055
5283,285,373.33698,76.33854105274482
5028,1158,1031.3026,87.71481947358035
5591,1288,1317.887,97.73220589229659
7573,1110,1184.6351,93.69973675183273
5188,267,323.64618,82.49749793451123
2612,711,774.8005,91.76556054824788
4085,160,309.56375,51.685638053251324
6116,1208,720.19324,32.26723920361678
2949,1503,1504.379,99.90833238868983
416,146,288.45135,50.615120185476606
1761,262,252.10365,96.07449280090353
425,175,208.2434,84.03627962726193
5455,1344,1121.2048,80.12895063751304
7212,1189,1334.3986,89.10381321026514
2517,567,248.3665,28.291656905929585
923,278,254.21075,90.64192006269406
8549,133,220.05618,60.43911071738077
8696,1540,1078.1338,57.16058474160991
5602,522,569.9602,91.5853414587864
3115,1599,1369.8694,83.27354288061721
4754,755,626.3265,79.45583850213214
4392,1165,885.6262,68.45466261431693
5838,622,390.0949,40.55162357042329
3428,12,222.93462,5.382744147376604
3130,703,821.1543,85.6111942268767
2258,9,135.24232,6.654721450088067
8386,782,853.4435,91.62879757141944
431,128,27.194044,270.6913008869501
6742,1796,1743.4808,96.98768326063995
5102,14,51.091496,27.401820712385994
5495,1340,1416.4396,94.60340020612794
5548,267,280.4205,95.21415102419581
8552,1671,1094.7782,47.36634300143962
8178,0,132.73068,0.0
3433,41,199.51018,20.550330058686363
2876,1045,1187.0283,88.0349678367312
6826,922,1131.0542,81.51687166157471
6137,1358,1385.599,98.00815394332061
861,284,364.72238,77.86744503052114
4460,2508,2275.2783,89.77172693072835
5549,327,331.3038,98.70094986598856
2352,272,294.97028,92.21268115559678
5395,2320,2333.964,99.40169982647339
2023,174,160.35184,91.4886146091787
6030,619,419.42828,52.41815488641953
4141,2000,1104.22,18.876668321215334
8553,883,796.7056,89.16860009691092
1055,131,91.30229,56.52057870972712
7505,0,-111.8346,-0.0
5350,1870,1683.1844,88.90106476726831
6124,151,130.83388,84.58646734922348
4175,1080,1035.7544,95.72817593607468
268,46,25.68735,20.923523762900345
25,308,226.97981,64.30511311028738
5304,29,277.9403,10.433895050566848
5403,545,379.1939,56.27406255527981
4424,659,1705.3851,38.64229772488702
4504,1940,1771.4685,90.48633980320938
5542,1870,1753.0488,93.32869855085058
970,150,165.35301,90.71500912419283
5293,99,313.71713,31.557090678950335
5951,942,1023.9868,91.99337187816654
8137,346,520.3232,66.49713342267866
8522,129,299.07828,43.13252070341035
7896,753,710.66516,94.04292750193284
3341,153,74.954926,4.1226762666202035
1925,59,7.8725653,549.438054566557
3667,131,443.0861,29.565360531632763
2687,428,303.5307,58.99284684017664
7244,0,55.15252,0.0
2921,1362,1264.9918,92.33131969089861
1644,188,186.86746,99.39393523692313
1195,471,374.75717,74.31861598530234
3088,137,490.59332,27.925369882933076
7760,784,1260.0544,62.21953377743048
4059,320,169.619,11.341893430558827
5856,850,829.4614,97.52386626063951
8631,846,876.44885,96.52588368952135
5652,671,606.31256,89.33100794507654
948,262,303.9019,86.21203489727168
5512,912,1117.9058,81.58111633648122
5004,1145,1043.0365,90.22435925568975
5257,946,727.5381,69.97244291603076
8697,798,811.47614,98.33930602904427
745,230,229.3073,99.69791486931325
27,167,107.97667,45.336959303506234
216,326,228.93417,57.6009885739461
4078,1595,1571.0895,98.4780928901395
3158,0,-108.20603,-0.0
7040,299,397.58044,75.20490614155018
1440,108,173.4051,62.28190319542546
3539,986,908.34406,91.45082258404929
2446,695,591.73694,82.54916081641106
3439,17,152.79065,11.126335325619317
7169,2033,1998.1671,98.25675813130748
4120,1820,1596.4299,85.99562286271996
400,256,278.56897,91.89824704857983
8694,287,350.04807,81.98874055992067
2929,295,464.23297,63.54568036021069
1105,207,233.02055,88.83336547437061
5091,368,448.02646,82.13800609784217
8424,626,434.0786,55.786491007240784
2741,60,35.865715,32.709315971887634
7698,2445,1973.1667,76.08751250140588
4462,2000,1970.7051,98.51348016503452
7940,775,991.347,78.1764621099727
5768,456,1224.217,37.24829705210581
6409,886,566.89716,43.71062881599494
1794,604,690.99066,87.4107326693808
334,309,252.75867,77.74899920264619
2892,1072,1083.2706,98.95957394469083
6974,1092,1183.1252,92.29792073223703
2936,1469,914.74713,39.409171162331205
7459,1608,1633.4161,98.44398882141732
1611,36,21.703642,34.129220432203
1414,105,160.84042,65.28209616730662
7355,1248,1132.9972,89.8496829126889
7703,896,923.1901,97.05476436653828
7582,1347,1222.7994,89.84293273161998
7353,966,726.4977,67.03329883764832
6004,183,192.07234,95.27660160317416
4558,2140,1743.8958,77.28624273536724
8615,386,267.98566,55.962440416364046
3931,2023,1790.9578,87.04367902834373
5500,266,310.18445,85.75542761973388
3939,167,67.70324,46.66471114094105
3634,1002,1222.6005,81.95645508186625
5956,162,163.76825,98.92027330267567
4369,776,710.67737,90.80839847135
3843,0,-22.31759,-0.0
8188,47,97.92691,47.99497891624744
8199,848,882.51263,96.08927589964705
6569,1869,1989.42,93.94697744642696
1087,209,297.00357,70.3695243825839
4346,470,436.2335,92.25953284546733
3746,74,224.98837,32.8905885571615
5459,688,647.07074,93.67468535666339
488,423,245.36815,27.605986326126384
4518,716,672.84125,93.58559651358951
4591,313,821.80707,38.08679825677726
1065,118,315.7641,37.36966942361224
429,148,251.45245,58.85804567555149
1086,82,89.71214,91.4034570001063
624,133,169.49059,78.4704352417482
8669,140,212.37056,65.9225083753553
2136,266,304.22678,87.43477592268678
4106,262,355.24362,73.75220381245919
6825,1234,1205.9834,97.67686672977432
3171,182,151.16223,79.59955455814769
5554,641,885.2091,72.41226907098029
5927,1155,1155.0133,99.99884800772449
5276,2348,2179.4,92.26392102362968
2217,329,378.14352,87.00400217673996
4612,194,294.96964,65.76948165989262
6086,733,670.6089,90.69634856965196
930,316,523.7845,60.33015660677361
617,350,279.11096,74.60184379724791
2053,412,296.74512,61.16031026732088
3976,1458,1580.375,92.25658467135965
5656,834,857.2945,97.28278966272966
7679,950,824.34064,84.75637896261934
6278,972,822.98114,81.89279770876337
4568,963,1519.2631,63.38599445933701
1754,45,124.28495,36.20711913001848
872,186,408.93707,45.48377058294559
6445,657,884.7751,74.2561596506108
4468,214,318.04535,67.2860020092672
6513,867,712.62885,78.33779030673165
5065,1070,679.4385,42.517014135926246
2443,946,999.0225,94.6925598966519
579,100,-18.084177,-552.9695927264113
1248,171,243.36757,70.26408683947176
5359,1279,1066.1705,80.03795252819734
1005,162,227.5895,71.18079046992334
2714,305,203.20677,49.90657682202604
5039,931,694.1168,65.87272178896117
4642,971,1055.8179,91.96661910961168
4163,1012,1030.3154,98.22234733560623
704,162,408.24008,39.68253173251136
5428,278,244.69232,86.38793486419065
4244,1909,1879.3774,98.42381003724378
492,290,207.917,60.52127069262704
7819,1860,1560.672,80.82056937706419
5665,726,741.4422,97.91727531652056
4676,2276,2179.2905,95.56234143897623
1270,170,215.70897,78.80988940632055
7054,1049,931.94275,87.4394375513706
4795,1557,2594.5938,60.009394534308115
8380,154,231.01077,66.66355780585411
4914,2256,2822.7876,79.92099731035903
6384,238,506.73566,46.96728892771053
1491,81,22.963108,152.73970657054133
6292,193,310.97882,62.06210426260487
3027,18,-64.404495,-27.948359711742736
1727,118,122.341385,96.4514175708567
837,310,345.17242,89.81018707213846
2437,588,598.40485,98.2612363088921
2941,818,1100.6411,74.32032023239297
7559,857,840.2274,98.00380436669703
5738,656,524.70276,74.97683421487007
605,65,14.128726,260.0556339930974
6923,1212,890.99316,63.97202033808392
8483,745,844.70264,88.19671771050163
3551,975,857.9767,86.36054830693978
7428,130,317.80847,40.9051399142765
5166,747,650.8122,85.22034375803898
497,366,374.14276,97.82362186998111
1953,384,345.87885,88.97846592454152
8211,78,29.10086,68.03331036717537
7591,412,953.7698,43.19700735235206
6604,255,264.20496,96.51597903682693
8730,1577,1207.2378,69.37122005417359
1185,387,296.8302,69.62243068752562
4706,403,326.60764,76.61035560743652
2125,335,382.97504,87.47306429046469
6461,38,64.669365,58.760434777120274
6851,1017,1068.5742,95.17354828096727
2627,488,671.5142,72.67158082433254
7021,0,10.538545,0.0
7324,0,-114.86494,-0.0
2846,711,942.9468,75.40192268357538
8533,623,861.72626,72.29674095512682
5831,1097,984.51874,88.57500036422013
13,451,402.5714,87.9701867723512
2628,522,702.7917,74.27520980214666
5897,1105,1104.5492,99.9591864566672
7027,0,196.27986,0.0
2392,972,737.8072,68.2582640490136
4648,1714,1651.7151,96.22907651773541
4604,2300,2140.61,92.55399701115621
8255,0,-116.53836,-0.0
5715,371,472.01892,78.59854416298423
6886,1713,1923.9672,89.03478359019611
7310,1137,1299.6897,87.48242002626453
2695,661,474.39487,60.66459692977233
1961,514,461.39575,88.59888765247686
2269,465,672.5089,69.144065201564
3000,436,505.01636,86.33383722970761
8620,138,74.03497,13.601607269315707
7589,148,303.0201,48.841642711622086
7680,739,759.6723,97.27878689469489
177,395,330.16898,80.36428952571025
2845,716,909.32904,78.73937464757232
2967,961,1090.7952,88.10086714174477
3543,1253,1452.203,86.28270272628458
4217,2013,2181.4822,92.27671078617952
1720,291,272.1084,93.05732506935497
954,558,481.3032,84.0647622716721
3538,789,744.3582,94.00264768380964
532,120,66.2599,18.894995842169635
1504,268,357.88724,74.88392205196632
4412,2338,2293.9219,98.07848185762647
720,43,281.8755,15.25496248793915
1250,73,141.45505,51.606500605475624
1689,308,339.65585,90.68002127253727
764,206,148.0473,60.85528282199053
2214,71,92.700294,76.590910942698
1404,189,228.43428,82.73714421179173
3344,20,975.843,2.0495099764751683
8179,0,-12.467301,-0.0
7107,334,267.66257,75.21602158625352
8014,948,992.4177,95.52429148453004
8736,474,476.24005,99.52963820166745
2757,456,693.5009,65.75333785295062
3034,529,449.3556,82.2758610760146
3867,252,112.14136,24.71638099758127
4987,203,211.75328,95.86628334011772
7826,356,430.60358,82.67465002525157
2966,931,1018.9102,91.37213310909871
4955,968,1155.6108,83.76522325897213
2255,9,104.406,8.620194387850434
3399,1730,1490.0264,83.89467206104129
634,146,111.96311,69.59990879869744
2920,1409,1310.478,92.48198210114616
159,430,364.66083,82.08220696839605
24,328,245.92245,66.62462351336563
8510,790,960.80884,82.22239105693268
1756,33,15.437723,13.762092106649874
585,107,-11.948169,-895.5347233357887
6546,1887,2083.1873,90.58235137971589
1058,111,98.220604,86.98908829295948
6255,1196,1251.6864,95.55109000893813
2830,907,943.0802,96.17421718875656
2561,1272,1210.6981,94.93665027935462
7101,1502,1779.9551,84.38415207546714
2454,252,235.21832,92.86548894252114
5140,149,217.25159,68.58407900096925
7384,0,107.149315,0.0
8135,656,746.18555,87.91379071161401
8698,583,672.5151,86.68950646309244
3260,297,791.0775,37.54372921748252
1246,207,304.16397,68.05539767097812
6097,703,680.81,96.74064679999115
1968,171,247.47401,69.09816390054861
8509,798,1024.6107,77.88323761966095
814,291,260.2772,88.1961194138001
3167,0,-192.98822,-0.0
7119,1366,1430.6134,95.483517547763
4126,1832,1453.9045,73.994478432521
4860,1197,1259.6093,95.02947022784515
3589,1635,987.1219,34.36695901596519
3164,0,-88.24911,-0.0
2070,54,104.53457,51.65755273762722
7418,0,-70.46729,-0.0
4561,1029,655.0438,42.911273492071274
324,278,229.90764,79.0818775080511
8131,1180,1396.7253,84.48332429351788
4888,1466,1543.9453,94.95154965211891
708,274,207.63835,68.03979221603043
7046,573,541.5388,94.19041062726794
7462,1160,1354.7095,85.62721553319673
6693,2024,1784.419,86.57372164104977
7394,515,396.08777,69.97831266559439
3335,671,688.0913,97.516127819042
3502,1382,1392.4977,99.24612580618042
7396,221,229.17342,96.43352345335532
3400,1942,1660.9688,83.08028070967622
1256,683,463.1617,52.535306492117
8647,819,605.6318,64.7693146331265
1139,270,292.44516,92.32500208967214
5492,2174,2178.0833,99.81253003302498
1295,106,49.588993,13.757113085569642
6407,1084,1007.8052,92.43952838804546
6940,188,-79.53159,-236.38404833292003
8299,685,1184.8866,57.811439670219954
8235,0,-29.61811,-0.0
6069,1641,1665.2494,98.54379831638569
5090,586,579.74164,98.92049123191936
517,320,303.6163,94.60381495480053
730,110,163.03365,67.47073561105343
7325,0,-109.99984,-0.0
7497,0,-178.51341,-0.0
2213,55,-12.915186,-425.8552707266295
1970,105,126.58716,82.94680241696737
2415,1294,907.34467,57.38605745282757
6164,1705,1666.438,97.68596179456264
1739,155,156.6582,98.94151529130147
7595,1179,1102.3671,93.04832873064454
5816,1665,1474.1865,87.05635457054903
2186,71,139.14047,51.02756859248731
73,186,287.28705,64.74360785661764
7068,143,475.88947,30.04899465472049
803,267,256.2538,95.80642913923847
502,252,266.3125,94.62567472424314
7102,1430,1607.2192,88.97354921717046
139,205,142.07928,55.71436365331272
5843,521,476.5624,90.67538883364283
6980,2232,1826.3496,77.78900663144015
5953,455,675.1418,67.39325136330685
4665,1111,1318.287,84.27603478598408
6361,745,559.78265,66.91263208474882
647,216,136.44594,41.69554404374534
3677,163,140.49963,83.98546273457328
3438,5,-1.0892557,-459.02904554597353
1880,80,273.6501,29.234414405050718
7457,2255,1851.223,78.18863677471457
7469,215,300.15744,71.62907568344615
407,138,133.05545,96.28384290593426
2822,698,889.3763,78.48196700678398
8448,592,426.9777,61.3510701901659
2852,1079,1111.6373,97.06403084466942
4983,65,-46.335278,-140.28188332208867
5021,266,245.85019,91.80402876408311
6703,1438,809.82336,22.430413412695344
6026,466,473.6606,98.38267869714606
1882,103,63.598515,38.046531876348865
1410,157,412.7487,38.037673931339775
7740,1161,1306.4451,88.86711183792642
8462,1054,926.73065,86.26684593957081
8045,154,327.05304,47.08716366358324
3739,1753,1966.5448,89.14111695671025
4453,1085,1411.2488,76.88226313581497
4736,892,1616.8202,55.17001861307418
4181,205,258.37622,79.34166675328284
2000,783,659.6231,81.29585052277332
4297,721,714.5468,99.09688407966595
2808,400,501.55252,79.75236559479346
1319,82,2.9004874,2627.111034903053
5853,1500,1314.2601,85.86734363579941
445,189,214.9581,87.92411198187555
5193,1112,957.8997,83.91269172891514
7806,513,458.51086,88.11606441858501
4132,248,250.93782,98.82926358829344
2582,993,693.8232,56.879962074665
6256,1398,1383.0719,98.92065621517855
5023,1391,1076.7574,70.8158457790152
7556,1389,1330.9089,95.6352337187326
3036,756,444.78476,30.030147432809457
8267,768,821.61774,93.47412617646698
5859,295,215.4301,63.06463177519706
2020,36,-124.79137,-28.84814950539395
433,122,176.99666,68.92785499704172
5964,613,601.6848,98.11941646605133
7291,0,93.454,0.0
2193,343,424.18912,80.86016022211496
1974,159,126.2507,74.06010612081315
6370,551,502.7895,90.41139259329938
2755,571,1152.0251,49.56489029276103
6300,808,871.194,92.74628017152175
4130,590,452.10992,69.50076336145804
869,48,39.277065,77.79127676327111
642,466,379.81363,77.3082469308959
8668,95,163.66411,58.04571387122991
578,115,40.181828,86.19902833124075
359,247,224.19423,89.82767265556657
3213,1311,1537.4702,85.26994457146179
7033,761,703.6958,91.85668023666898
2301,625,511.35333,77.77531498220402
6557,217,310.00122,69.99972435844428
2631,492,566.5963,86.83431012481371
6968,2276,1558.3802,53.95092106523677
3019,75,-55.384407,-135.41717606753778
5576,720,1435.4618,50.15807484508223
3895,43,499.7861,8.60368061507758
1699,407,401.30072,98.57979826647083
5937,422,777.7007,54.2625214176154
8531,649,826.6709,78.50766262931019
2195,343,345.0677,99.40078771201797
7755,386,299.8674,71.276438000805
8145,1005,958.05524,95.09999409432905
7583,940,909.187,96.61092955749551
4012,51,-264.5826,-19.275643169086223
208,546,370.4291,52.603375733560966
560,4,95.5306,4.187139970995226
5047,883,699.07825,73.69082020496786
7313,1799,1698.8442,94.10447647513116
5302,71,88.16517,80.53066874005114
4579,1058,2223.8777,47.57455892812858
6910,567,1637.0308,34.63587937740986
2296,680,986.5003,68.93054127122981
4906,1064,1070.3807,99.40388152716997
6835,2455,2334.5679,94.84135242340042
919,374,280.8063,66.81210733817161
5431,402,843.71564,47.64638490413057
5810,476,452.07068,94.70673007209933
8093,0,-38.37551,-0.0
2473,309,404.67075,76.35837360846337
7152,558,690.62225,80.79670141504911
3630,306,230.7268,67.37561861348044
7147,1280,1412.7917,90.60075568600581
1981,299,268.19812,88.51525138604484
2979,22,-57.4388,-38.301635286739526
1161,305,240.47752,73.16902004989234
911,149,244.16653,61.02392383608289
4929,734,1060.2268,69.23046987707386
7510,0,28.70212,0.0
481,189,169.68724,88.61861426288797
5441,1247,1488.7565,83.76118091557542
1253,60,37.857952,41.51282189508814
7099,1743,2034.8092,85.65913681177759
1145,380,471.16562,80.65104599312592
3805,1117,1219.7941,91.57283428969554
5235,545,393.09927,61.358176804625884
1041,102,4.6865177,1976.4560851578194
1542,33,-191.19933,-17.259475106977497
2365,509,592.74,85.87239065795723
7699,1819,1542.6996,82.0898107620831
5158,1948,1677.125,83.84884847581426
566,28,-135.3563,-20.68614575383481
7993,440,461.31665,95.37917168769545
5386,836,995.3377,83.99159337421118
7906,191,574.5281,33.24467644342949
4945,585,753.7354,77.61344235955022
1280,423,360.7462,82.74304282801414
2040,226,264.69427,85.38152178900748
4309,1103,1146.5135,96.2047068861855
1669,270,314.81213,85.76543627791408
3355,1489,1484.1663,99.67431275286245
3752,16,298.62543,5.357882665100245
2007,356,361.36707,98.5147884400296
4303,1427,1102.4448,70.56041548281144
3434,21,-17.829742,-117.78072555178049
735,300,293.03043,97.62155279602077
809,382,389.41614,98.0955751502227
8592,499,443.57938,87.50604136479909
2132,461,474.7453,97.10470008139387
1839,276,238.93498,84.48740433760015
875,245,256.2306,95.6169984292827
300,267,255.95854,95.68623182129016
2886,142,124.87061,86.28229134392711
2926,841,804.76013,95.49681119498467
6208,902,950.7724,94.87023393744357
1447,214,244.96567,87.35918056916408
6725,247,417.17633,59.20757768415207
3300,1112,998.1947,88.59888781150444
4355,979,936.77155,95.49212881232911
7668,1063,1173.6515,90.57203179388578
1543,67,197.71504,33.88715359415156
5148,944,1255.2134,75.20633669652003
6893,249,345.28738,72.11384241483204
6801,1125,1191.6409,94.40763816797553
7979,796,860.8856,92.4629220652617
1533,225,321.30978,70.02587884007102
8063,806,834.87964,96.540862019606
6793,487,723.0375,67.35473837028204
2718,113,187.40897,60.295941209737734
4048,1182,1045.432,86.93669293927648
8381,172,321.66602,53.47161081527448
8756,764,917.73553,83.2483837815445
891,102,34.4244,96.30145775502405
7480,1603,1602.9393,99.99621514400845
4667,1478,1285.86,85.05746995494962
2699,584,559.24207,95.57294844205076
750,65,-54.008682,-120.35102004145767
6916,234,73.88126,116.7244145226573
520,416,342.7924,78.64374663758352
6644,151,239.22226,63.1212163542159
2295,616,797.98474,77.1944585137334
7659,253,333.8148,75.79053069984457
1363,171,155.4881,90.02373683865505
863,189,226.21391,83.54923776513635
4672,2474,1764.6915,59.805526331572025
1168,328,289.40457,86.66384975803021
2826,1839,1882.476,97.6904909675569
1076,210,384.72287,54.58474565582676
3679,1160,857.25696,64.68467952762555
6433,769,599.7054,71.77036901562892
6770,589,408.4728,55.80435533133502
2491,1478,1738.9269,84.99494815443899
3131,839,978.6266,85.73239386900862
8214,136,24.632872,352.1077771804404
7450,932,939.57153,99.19415042542715
4910,1445,1218.0327,81.36607642879564
6254,1121,1068.85,95.12092196236668
8693,140,166.51787,84.07506152114262
5673,995,949.5363,95.21201208212042
266,95,122.007515,77.86405619040644
237,167,308.74017,54.09079038644441
590,274,175.69218,44.045424752107465
6466,104,94.97157,90.49354785793253
5960,797,1052.6528,75.71347131248108
8398,1061,1060.6936,99.97111357291497
4165,1167,1270.393,91.86134142220199
4856,2370,1998.1792,81.39201924799212
1380,145,141.45966,97.49727636532302
838,306,311.03442,98.38139336277872
2322,1365,1301.2449,95.10045124682476
1487,132,101.06848,69.39548500941478
616,282,240.1914,82.59363463383696
7268,1835,1950.5972,94.07375495735354
7506,0,331.38385,0.0
2399,345,320.6315,92.39984226836593
1051,167,261.81598,63.78525888120387
8195,608,609.9393,99.68205522830672
6275,795,1052.5027,75.5342490729059
3389,122,212.17552,57.49956400998624
5396,2069,1989.017,95.97876571580495
3705,1155,866.1892,66.65730904749302
506,161,157.68864,97.90006718414814
5092,211,241.53995,87.35615047339907
1920,148,180.60466,81.94694421062601
5732,1565,1693.8832,92.39125930697188
6245,262,422.4416,62.020408643888715
5824,763,886.70526,86.04888606854496
5788,209,251.12794,83.22450934112517
2763,62,10.665536,381.31162302026405
4051,1751,1751.114,99.99348907775367
7432,1601,1540.6221,96.08093828778831
7880,2070,1241.3499,33.24604307661082
8254,0,67.358376,0.0
8573,129,228.73438,56.39729489719243
6184,877,605.8282,55.239485349876475
393,122,186.5026,65.41463975768235
8025,996,991.38336,99.53432361673539
1166,301,277.87244,91.67691341900628
3530,361,396.51532,91.04314056769276
119,244,261.74368,93.22096997056134
5308,133,262.7962,50.60955910752678
3902,22,-36.765213,-59.83917458169827
519,386,373.89532,96.7625497049332
7163,853,990.22784,86.14179099923798
7658,427,413.0529,96.62340744313394
3585,716,790.7357,90.54858455314512
4663,657,1158.9156,56.69092485999075
1046,215,305.5544,70.3638995098781
3397,1315,1379.2245,95.34343481457493
3980,1958,1884.3054,96.08903210175023
4271,1071,1182.214,90.59273614858576
383,142,120.10225,81.7674098442883
6272,592,1378.0465,42.9593628534505
5142,600,540.29663,88.94989053593336
545,453,501.8042,90.2742545210398
2655,184,139.37598,67.98298778736137
2016,42,229.72287,18.28289887864047
2215,159,314.6351,50.53473033802353
5231,1458,1448.3676,99.3349446233877
6564,982,1042.4539,94.20081215187929
5149,994,928.2851,92.92082732730434
1745,198,387.4801,51.099398060069234
1411,134,194.61884,68.85253407806161
8472,457,542.90656,84.17654855024423
6562,794,1072.7031,74.01861535548338
3476,1332,1184.2788,87.52648528924884
2811,150,173.08884,86.66070145589345
6349,727,582.9953,75.29916628235844
5597,256,320.51962,79.87030490097533
8290,563,730.0396,77.119102975687
4544,2348,1654.564,58.0894997177256
6279,1181,973.3865,78.671007785069
4514,418,560.2613,74.60804562777574
5036,1039,876.3036,81.43378468378376
4509,1935,1755.562,89.77888635756166
320,621,481.3842,70.9970085578183
2842,482,598.80414,80.49376570143517
2311,598,391.90512,47.41204740994493
8544,443,473.06274,93.64508312840455
1048,249,297.58383,83.67390073064651
1429,166,165.16328,99.49340090821065
7889,1961,1745.8248,87.67487050753134
1844,148,181.33467,81.61704497385507
4036,22,-79.43056,-27.697149260185405
8309,158,297.23187,53.15715257584068
5911,405,950.3451,42.61609841305848
915,53,43.01743,76.79412554722052
1104,212,276.35245,76.71363214270373
4958,1016,1060.2068,95.83036180801072
6964,160,293.27438,54.55641848633951
4474,959,1023.78864,93.67167860406673
4316,422,122.790535,143.67469780329196
4272,770,779.43024,98.79011149799317
448,211,240.75882,87.63957240196547
7719,1203,1357.3644,88.62763881455771
3965,182,222.32916,81.86060608223539
2339,290,295.17517,98.24674586189428
7312,1357,1342.8263,98.94448700337523
4099,2145,2370.702,90.47953250099506
7687,1213,936.3455,70.45380427785909
1829,32,-51.09053,-62.63391621163055
1891,169,203.37108,83.09932821018286
1514,102,119.53305,85.33204794964536
3524,1531,1358.7112,87.3196879007547
741,179,217.5986,82.26155780053801
5349,1936,1849.8424,95.342436067156
7178,453,426.1446,93.69805267952964
4248,1089,959.26776,86.47590964559035
7904,556,554.9111,99.80376527374585
6706,835,932.76044,89.5192341856915
1903,52,225.8012,23.029107709519874
1107,81,61.087524,67.40336791033295
780,293,296.69778,98.75368653965211
8443,735,958.68066,76.66786528116339
2768,983,697.4771,59.063475582729865
2806,764,898.5578,85.02513691950622
4236,1285,1353.2117,94.95927566706447
3806,1096,1291.2571,84.87852782450483
3732,1258,1171.7513,92.63933788013257
7605,1312,1421.7684,92.27944367739786
4090,899,840.3819,93.02482558959133
201,291,319.91745,90.96096510034528
7188,1358,1351.1891,99.49593190531958
2451,103,101.83199,98.85300595482704
4060,213,166.50827,72.07842609696998
5069,247,385.2414,64.11564380655582
3365,168,157.52339,93.34917299473344
2720,424,857.1786,49.46460463511358
7216,1636,1911.6057,85.58250213252036
5176,1306,1142.5834,85.69761912418565
5405,266,299.94907,88.68172300167743
901,265,227.6997,83.61864692095067
8537,1101,965.7153,85.99124057918584
5471,1285,1367.5629,93.9627736134945
5735,1182,1164.2672,98.47691424232545
8296,616,906.94965,67.91997799651305
277,225,234.72739,95.8558791878929
3664,400,-17.71311,-2258.2143998166857
4419,437,193.25394,26.12734690396988
2854,949,1021.3674,92.91465806641452
1693,268,231.51755,84.24203574649106
5653,688,634.4058,91.55206725350571
1532,241,382.695,62.97443013042109
7638,504,461.14517,90.70686836339956
5695,1175,802.5933,53.59957942731572
2775,604,899.10803,67.17768925990426
5553,1029,1101.3165,93.43362907386789
1272,96,232.9594,41.20889798782713
6744,1107,750.71423,52.54042740222488
4847,1401,1336.2114,95.15132313878622
3851,0,-131.61139,-0.0
7584,835,699.808,80.68155553970145
944,554,357.3685,44.97794282974806
1889,250,219.05972,85.87587134231957
7005,0,4.4147134,0.0
6250,769,1022.3721,75.21723473577933
7256,848,1484.3302,57.13014529303639
2744,225,818.02924,27.505129418632563
3623,1044,1048.3523,99.58484424148665
4820,2525,2203.0073,85.38394892103058
542,405,480.88724,84.21932802050654
5216,2273,1711.8779,67.22184096298668
7078,1493,1439.504,96.2837219884609
122,117,142.75497,81.9586151167377
1957,370,396.40726,93.33835175607202
7630,1029,1273.6995,80.78828875885003
1496,459,420.26822,90.78403284965037
5031,1209,910.13257,67.16220888794584
3552,777,632.0871,77.07390271351757
1426,135,98.00361,62.24997039826076
5980,201,262.4852,76.57574628405736
6244,316,457.53427,69.06586454024993
7743,1390,1430.1716,97.19113216955392
2950,1213,1400.2971,86.62447300787343
6298,719,974.6371,73.7710488441774
2961,867,814.452,93.5480578436032
1676,277,312.11337,88.74980187890664
559,3,37.45019,8.010639946062799
5519,1354,1401.6117,96.60307526482967
6993,0,27.364347,0.0
562,4,-98.71824,-4.051936144105388
5375,1355,1134.2173,80.53435459561568
800,670,426.7469,42.99826897742375
4978,9,-142.03432,-6.336496833330808
281,305,324.7855,93.90813554356367
5461,727,824.1532,88.21175499295487
247,325,258.31967,74.18689488564105
3884,941,1388.9868,67.74722329148277
8729,996,1035.522,96.18337672209205
5210,558,628.42554,88.79333621079155
167,259,162.20107,40.32164036737879
6259,2127,2240.048,94.95331837204859
6695,1219,1057.0991,84.6844183600554
6656,2059,1433.4681,56.362346462407174
7453,1714,1311.364,69.2963980915774
7905,144,542.72485,26.532781586692945
1578,154,448.38336,34.34560983176186
160,471,312.6346,49.34489645134309
3695,832,820.6659,98.61891342940801
1755,21,52.948574,39.66112472407541
7907,54,283.54492,19.044601343206473
4317,1041,828.0694,74.28589876575586
5697,966,854.5647,86.95999225208604
6190,1350,1537.5675,87.80102309087833
8263,309,777.3275,39.75158400764337
695,236,95.829834,46.26986209584757
2174,375,411.5561,91.11759196848257
161,552,430.0699,71.64876711278953
784,320,272.2668,82.46823257475448
4234,1010,1006.84296,99.68644132269931
3083,586,511.65842,85.47046607296195
6590,1371,1286.3054,93.41567105553601
772,31,70.67504,43.86272646496434
4716,1193,1380.6199,86.41046122037787
4624,1220,1228.8867,99.2768480109347
713,183,338.97998,53.98548897989286
1135,272,271.8759,99.9543486579437
5129,861,909.2832,94.68997085186864
6463,103,157.52133,65.38796925562112
8312,1699,1228.8352,61.7389872149713
7247,0,-85.681,-0.0
8715,195,249.08963,78.28507348965698
4934,1064,865.7395,77.09928938212991
2071,77,255.29752,30.160888850743206
7655,914,1021.821,89.44815328839714
8324,1292,1162.4497,88.85540663091523
7173,1565,1562.0398,99.81049105869464
434,93,105.723015,87.96570940412967
2940,818,1078.3184,75.85885864672821
3422,384,974.2728,39.414011075718406
3635,1117,1210.5393,92.27292280989978
6032,1731,1489.4984,83.78638172472299
2143,426,307.277,61.362878174902335
8565,759,842.7978,90.05718910642719
5828,1772,1869.1497,94.80246764742647
6737,2183,2311.2808,94.44979753894737
6764,1944,2044.4603,95.0862178241161
5821,623,540.67755,84.77420626449674
7087,363,510.71487,71.07684116711548
7249,982,604.5454,37.56389784744317
4813,1230,1396.7545,88.0612867458419
3711,1323,1379.151,95.92858208152678
7314,2857,2029.6998,59.24026996323698
1581,107,164.09058,65.20788853098057
3219,62,133.52052,46.434809101891446
728,84,286.03345,29.367194921785977
3471,971,1037.2523,93.61270945353459
5217,1318,1116.6097,81.96413201888608
1868,150,185.5251,80.85159335721389
7057,674,609.8456,89.48021910163526
6008,1693,1576.3884,92.60261175393035
4388,2163,2231.3198,96.93814291088142
3887,1185,1028.4087,84.77343590128295
2360,1041,880.9396,81.8307146924123
938,75,119.8342,62.58647468998991
7866,2612,1946.5292,65.81244022391365
2562,934,1425.6309,65.51485567655766
258,557,402.38467,61.57524481164347
8609,435,434.38928,99.8594077251844
3328,1346,1412.304,95.30526308874798
6010,657,629.2216,95.58527861659434
3878,1174,1124.8755,95.63289339748975
6225,1069,1131.989,94.435545494602
2549,60,64.41396,93.14750546230327
3546,2577,2235.904,84.74460713783824
7642,837,884.883,94.58877661303623
6072,1022,900.0572,86.45165980324737
5230,1917,1925.6823,99.54913376949082
5550,672,589.61053,86.02645975814734
4698,2962,2437.502,78.48214865212448
8218,17,249.88937,6.803010365304471
7873,572,543.64655,94.78457927688065
6499,84,-18.077124,-464.675695446293
6224,1918,1575.8577,78.28850020132576
818,123,120.885635,98.25093807262759
2033,470,458.50772,97.49354732151694
4021,592,774.9175,76.39523109504476
3209,1662,1824.1168,91.11258558678834
5469,2241,1899.7001,82.03400991740126
5917,703,454.47202,45.31500813952917
7549,1000,1048.9542,95.3330448050182
6217,842,874.72034,96.25933735238202
8242,0,-85.50734,-0.0
3383,891,1120.7715,79.49881063371875
4230,299,472.63034,63.26297199530113
2204,427,410.9115,96.08467978754598
2025,214,221.01044,96.8280063572984
2910,110,244.69489,44.95394331020002
4182,530,486.765,91.11789383984619
992,443,381.06232,83.74604878009715
4529,2002,2170.4624,92.23840955909498
1470,63,51.16656,76.87271019839174
5168,2215,1856.7885,80.7080043266595
2906,322,227.59384,58.519897637304325
4610,353,396.1781,89.1013409065069
6935,1210,1055.8372,85.39899447569768
2046,72,93.08222,77.35096827803315
52,76,94.06834,80.79232910709688
2795,560,533.17395,94.96861206462532
6990,0,14.1077,0.0
2620,69,89.92081,76.73418688115662
7890,2632,2124.3345,76.10237305479635
6342,655,451.73044,55.00202232044569
3250,582,433.19308,65.64882484666467
684,363,310.56784,83.11732492116542
4324,167,205.83652,81.13234821643948
4339,2650,2147.8374,76.62008320051214
4052,1386,1304.3761,93.74230320129739
8212,50,-18.195621,-274.7913833345248
988,33,12.256841,69.23740621179405
4875,413,300.66788,62.63913396739943
1536,182,245.50937,74.13159050428652
28,89,71.76032,75.97603130589323
328,335,253.76923,67.99029764861083
6079,425,901.58453,47.139229225672224
8680,775,788.49664,98.28830684504645
79,498,348.5043,57.10362949788302
3963,241,288.4303,83.55571581596743
7649,1773,2002.2992,88.54820523403424
4547,1095,1076.9913,98.32787261696035
1211,285,248.52582,85.32378549586956
7000,0,212.66733,0.0
2984,1284,918.729,60.241704078058746
7909,18,174.60027,10.309262673886353
1483,270,224.93379,79.96467873406488
1717,296,276.69434,93.02274692501808
6446,417,443.57794,94.00828143504695
8539,1113,1036.6516,92.63509670582002
1057,150,185.16252,81.00991436949451
3074,191,157.55975,78.77614945656701
7778,428,425.62766,99.44262433545587
6283,2186,1914.4404,85.81519873371941
2617,243,317.12234,76.62657767696855
3913,178,201.1675,88.48347957817346
7037,137,352.72183,38.84080526465287
3406,1292,1356.265,95.2616181974512
3856,0,5.057857,0.0
802,213,199.78413,93.38492710600042
2088,135,258.09305,52.30671689767515
3785,2392,2081.834,85.1013088482117
7522,792,854.7596,92.65763335059222
509,76,-15.021591,-505.9384126242438
5401,1062,757.1832,59.74332745699755
2589,71,451.9485,15.709755015852043
2986,505,447.71115,87.20406031137516
788,364,309.5855,82.42343780835681
1047,251,387.5623,64.76378348017869
580,72,-48.536358,-148.3424038090103
8340,890,1041.6412,85.44208598842745
3214,1178,1352.5171,87.09686619457717
3265,226,350.1258,64.54822930026022
2779,1031,1353.0374,76.19893104363537
7733,162,268.65152,60.30116640897549
4788,988,1114.7692,88.62821389263844
6098,554,461.03702,79.83611324382363
7663,1216,940.0974,70.65170222396856
4426,938,1052.6315,89.11000924603367
2728,947,851.83453,88.8281746577946
4659,591,389.40686,48.230716976471314
5944,818,755.5451,91.73379661811909
1738,130,90.14148,55.782265021213675
5368,1296,1349.5226,96.03396166305558
2467,1224,1222.3843,99.86782203549271
1112,650,464.594,60.09289655103555
2933,125,125.2075,99.83427777998156
4483,2615,2478.0789,94.47470599379659
8546,271,332.15088,81.58942733867944
4091,1013,1022.1455,99.1052636104548
5524,231,311.08322,74.25665676663978
1043,133,154.42992,86.12320923049043
8076,1023,1050.8328,97.35136125993823
5327,373,967.88165,38.537769458548816
4416,1248,824.79193,48.68911141548409
8639,379,529.5965,71.56391751947612
8192,1171,843.10046,61.10789280926477
2394,664,1000.1577,66.3895293857463
4849,794,782.7993,98.56915005429856
4259,1004,1145.4163,87.6537233900834
6402,916,203.73154,249.61129439961053
6963,186,420.78482,44.20311544364826
125,87,18.62231,267.1815527578662
2820,629,718.8572,87.49999575470913
5963,569,359.42703,41.6924859299838
589,244,158.52927,46.085202053559726
8733,792,899.28424,88.07004105437858
2433,604,539.0446,87.94990594683452
369,195,287.2245,67.89114738436078
5040,470,893.2181,52.618728981580155
7311,1258,1296.5414,97.02736971022384
7404,23,186.66048,12.321837171168664
1626,392,514.37726,76.20865690970705
3950,1124,1147.6871,97.93609834146524
4402,1044,1257.125,83.04663418514467
7539,218,232.47702,93.77270912744311
2882,397,235.61133,31.502159442275314
2129,529,566.5323,93.37508410035913
4651,2873,2729.1704,94.72991538716282
5745,671,577.66296,83.84230217773283
4617,1307,1118.3969,83.13629466005277
314,107,108.645065,98.48583522596323
646,243,223.35023,91.20226355887328
2666,173,158.8613,91.09997047391762
658,225,185.97102,79.01340988859596
5557,805,834.1179,96.50913627121184
853,312,363.30585,85.87805630767944
1165,307,282.72623,91.41438929542235
4119,1612,1550.5424,96.03637777009573
7484,1838,1535.3096,80.28472983296197
6587,981,821.8553,80.63592007799024
8603,114,-40.386593,-282.2718925092162
5832,875,899.8879,97.23433563059851
5489,1591,1656.6616,96.03650979429345
8162,0,-31.301222,-0.0
4719,1461,1521.2859,96.03717558147429
3203,867,914.9068,94.76375087033992
7561,531,556.6582,95.39067187351978
5154,2965,2403.431,76.63468960642099
2055,467,380.46518,77.25552160036153
1124,332,437.746,75.84306843089973
6684,1072,1026.0696,95.52365445641826
5657,1297,1443.6772,89.84002508243279
5045,133,75.07182,22.836325971202314
7862,1150,1110.5974,96.45212680481696
887,169,208.55623,81.0333026752164
5863,1006,821.45795,77.5348142961387
7660,145,292.6942,49.53975621321814
1010,83,95.056725,87.31628445475359
5600,477,1588.052,30.036799765583478
842,118,154.18317,76.53234959149088
8538,1679,1263.5658,67.12207583886246
3407,988,1031.55,95.77819332395948
5637,1994,1739.5891,85.37523102351223
1078,196,321.40436,60.982371637533575
6151,1097,860.3319,72.49107137663049
2890,618,603.833,97.65382282780091
8128,1690,1456.6393,83.97951224981854
1247,170,194.9523,87.200817382432
3065,908,711.6724,72.41321021083888
1365,130,152.66032,85.1563762681855
1905,137,318.72632,42.98358563710693
928,353,363.24182,97.18043994694317
7377,0,10.621293,0.0
3514,745,799.2452,93.21294895475185
6391,400,523.83545,76.35985701169353
8155,1618,1347.5005,79.92583200739504
1622,147,197.95293,74.26007915028109
3750,7,-36.679104,-19.08443572769676
8623,142,453.71985,31.296845493510272
5048,2028,1143.9435,22.718514254067117
7408,28,33.96216,82.44470163684593
2773,504,574.2518,87.76638163132839
2012,348,388.33374,89.61364000716704
3591,2019,1262.5463,40.08506804602516
5889,784,821.68036,95.41423152212482
249,326,157.42412,7.083897978733461
6436,290,145.39105,0.5379316540495722
1397,21,38.016342,55.23940180754977
4905,1072,1336.8058,80.19115499949639
1431,177,166.26118,93.54099675911355
7471,1206,994.16907,78.6926651042523
4467,314,306.5205,97.55987217922943
7734,491,442.70117,89.08997057305339
1254,165,123.13126,65.99666486172896
6568,1404,1262.7788,88.81663277486291
7813,1064,1030.2335,96.72244410417323
2486,878,1170.6145,75.00334213655229
3149,0,-99.834496,-0.0
7903,556,833.36816,66.71721142905355
2131,616,480.82352,71.88646594470228
864,184,228.88234,80.3906498072371
6209,1384,1447.3718,95.62159321979578
7139,588,795.856,73.88271077331193
3402,1986,2443.3557,81.28165659720713
8602,62,-60.10706,-103.14928152808598
3187,1641,1504.2941,90.91228666114266
4328,1937,1127.599,28.21907418527792
1985,469,372.28577,74.02150657509677
7278,0,-41.358433,-0.0
4228,232,138.51482,32.50889238879378
7518,441,371.36743,81.24968362148705
732,209,203.08578,97.08782419682886
5486,786,837.76117,93.8214885910039
3425,46,201.4039,22.83967687147242
487,178,80.317825,21.61954621731556
381,159,240.85727,66.0142002234805
1064,81,358.58524,22.588771639032483
6497,39,103.81947,37.56520696252289
223,20,24.355495,82.11699096285197
7686,503,444.5733,86.85780357169088
5306,84,64.363556,69.49136228613153
3470,942,935.7863,99.3359932736422
7053,784,1101.2577,71.19133031380692
2093,65,58.335182,88.57496015293532
4279,1502,854.0088,24.12358991658138
4202,437,459.42224,95.119469803674
3795,194,230.21075,84.27060695328166
2280,224,268.27423,83.49665161685897
2847,781,987.1939,79.11312996605393
7069,600,709.7268,84.53957133731515
442,151,112.14863,65.35724745221705
3680,1946,1234.1068,42.315107425931046
6982,1865,1737.8489,92.68341886724913
4757,238,244.31905,97.4136089169334
165,402,293.25397,62.91745556877649
4744,1991,1697.8689,82.7353511144126
7132,141,84.83524,33.795490364921164
4384,1488,1537.9214,96.75397018665171
1341,137,142.51227,96.1320747040264
510,114,-59.954613,-190.14383515362155
6350,760,578.95447,68.7288824416826
688,504,319.73218,42.36807081121819
4329,1200,1037.6324,84.35211289974396
4225,837,498.03714,31.940244420218733
8163,0,-72.841606,-0.0
7901,178,289.44427,61.49715694326855
8414,915,989.5138,92.46965586520862
4981,24,-287.99677,-8.333426935752783
3547,1812,1757.0322,96.87155576280804
2142,165,144.6876,85.96120729611873
5750,314,140.32007,23.774121315143447
5781,1638,1712.4244,95.65385562105307
4583,766,1376.1085,55.664214601137
4575,1890,1364.814,61.51958811350707
7196,1653,1733.2217,95.37152802623817
115,597,403.75623,52.13850284695326
8251,0,53.3596,0.0
663,303,229.33206,67.8771744061315
